Facility ID,Facility Name,Audience,Prompt Version,Performance Evidence,Context Evidence,Prompt,Split
430077,MONUMENT HEALTH RAPID CITY HOSPITAL,Patient Friendly,1,"Facility: MONUMENT HEALTH RAPID CITY HOSPITAL

Strengths:
  Timely and Effective Care
  Relative Performance: 0.45 SD from cohort

  Key Measures:
    - ED Time - Psychiatric Patients: 179.00 Minutes
      Cohort Mean: 319.04 | Lower is Better
    - ED Time - All Patients: 162.00 Minutes
      Cohort Mean: 196.20 | Lower is Better

Weaknesses:
  Patient Survey

  Key Measures:
    - Recommend hospital: 3.00 Stars
      Cohort Mean: 3.41 | Higher is Better
    - Communication about medicines: 2.00 Stars
      Cohort Mean: 2.25 | Higher is Better",,"Rewrite the hospital information for a patient with no healthcare background. Use plain everyday language, short sentences, and explain unfamiliar terms simply. Preserve all numbers, comparisons, and performance meaning. Use contextual measures only as supporting information, not as indicators of performance. Use only the evidence provided.

Performance Evidence:
Facility: MONUMENT HEALTH RAPID CITY HOSPITAL

Strengths:
  Timely and Effective Care
  Relative Performance: 0.45 SD from cohort

  Key Measures:
    - ED Time - Psychiatric Patients: 179.00 Minutes
      Cohort Mean: 319.04 | Lower is Better
    - ED Time - All Patients: 162.00 Minutes
      Cohort Mean: 196.20 | Lower is Better

Weaknesses:
  Patient Survey

  Key Measures:
    - Recommend hospital: 3.00 Stars
      Cohort Mean: 3.41 | Higher is Better
    - Communication about medicines: 2.00 Stars
      Cohort Mean: 2.25 | Higher is Better

Narrative:",Training
430077,MONUMENT HEALTH RAPID CITY HOSPITAL,Executive Summary,1,"Facility: MONUMENT HEALTH RAPID CITY HOSPITAL

Strengths:
  Timely and Effective Care
  Relative Performance: 0.45 SD from cohort

  Key Measures:
    - ED Time - Psychiatric Patients: 179.00 Minutes
      Cohort Mean: 319.04 | Lower is Better
    - ED Time - All Patients: 162.00 Minutes
      Cohort Mean: 196.20 | Lower is Better

Weaknesses:
  Patient Survey

  Key Measures:
    - Recommend hospital: 3.00 Stars
      Cohort Mean: 3.41 | Higher is Better
    - Communication about medicines: 2.00 Stars
      Cohort Mean: 2.25 | Higher is Better",,"Rewrite the hospital information as a concise executive briefing for hospital leadership. Prioritize the strongest domain, major risks, and the most important benchmark comparisons. Preserve all quantitative evidence. Use contextual measures only as supporting information, not as indicators of performance. Use only the evidence provided.

Performance Evidence:
Facility: MONUMENT HEALTH RAPID CITY HOSPITAL

Strengths:
  Timely and Effective Care
  Relative Performance: 0.45 SD from cohort

  Key Measures:
    - ED Time - Psychiatric Patients: 179.00 Minutes
      Cohort Mean: 319.04 | Lower is Better
    - ED Time - All Patients: 162.00 Minutes
      Cohort Mean: 196.20 | Lower is Better

Weaknesses:
  Patient Survey

  Key Measures:
    - Recommend hospital: 3.00 Stars
      Cohort Mean: 3.41 | Higher is Better
    - Communication about medicines: 2.00 Stars
      Cohort Mean: 2.25 | Higher is Better

Narrative:",Training
430077,MONUMENT HEALTH RAPID CITY HOSPITAL,Clinical,1,"Facility: MONUMENT HEALTH RAPID CITY HOSPITAL

Strengths:
  Timely and Effective Care
  Relative Performance: 0.45 SD from cohort

  Key Measures:
    - ED Time - Psychiatric Patients: 179.00 Minutes
      Cohort Mean: 319.04 | Lower is Better
    - ED Time - All Patients: 162.00 Minutes
      Cohort Mean: 196.20 | Lower is Better

Weaknesses:
  Patient Survey

  Key Measures:
    - Recommend hospital: 3.00 Stars
      Cohort Mean: 3.41 | Higher is Better
    - Communication about medicines: 2.00 Stars
      Cohort Mean: 2.25 | Higher is Better","Context:
  Healthcare-Associated Infections
    - CLABSI (ICU + select Wards): 6491.0 Device Days
    - CLABSI (ICU + select Wards): 0.0 Cases","Rewrite the hospital information for healthcare professionals. Use appropriate clinical terminology, retain measure-specific detail, and report quantitative comparisons precisely. Do not infer causation or statistical significance. Use contextual measures only as supporting information, not as indicators of performance. Use only the evidence provided.

Performance Evidence:
Facility: MONUMENT HEALTH RAPID CITY HOSPITAL

Strengths:
  Timely and Effective Care
  Relative Performance: 0.45 SD from cohort

  Key Measures:
    - ED Time - Psychiatric Patients: 179.00 Minutes
      Cohort Mean: 319.04 | Lower is Better
    - ED Time - All Patients: 162.00 Minutes
      Cohort Mean: 196.20 | Lower is Better

Weaknesses:
  Patient Survey

  Key Measures:
    - Recommend hospital: 3.00 Stars
      Cohort Mean: 3.41 | Higher is Better
    - Communication about medicines: 2.00 Stars
      Cohort Mean: 2.25 | Higher is Better

Supporting Context:
Context:
  Healthcare-Associated Infections
    - CLABSI (ICU + select Wards): 6491.0 Device Days
    - CLABSI (ICU + select Wards): 0.0 Cases

Narrative:",Training
430077,MONUMENT HEALTH RAPID CITY HOSPITAL,Community Report,1,"Facility: MONUMENT HEALTH RAPID CITY HOSPITAL

Strengths:
  Timely and Effective Care
  Relative Performance: 0.45 SD from cohort

  Key Measures:
    - ED Time - Psychiatric Patients: 179.00 Minutes
      Cohort Mean: 319.04 | Lower is Better
    - ED Time - All Patients: 162.00 Minutes
      Cohort Mean: 196.20 | Lower is Better

Weaknesses:
  Patient Survey

  Key Measures:
    - Recommend hospital: 3.00 Stars
      Cohort Mean: 3.41 | Higher is Better
    - Communication about medicines: 2.00 Stars
      Cohort Mean: 2.25 | Higher is Better",,"Rewrite the hospital information for a public community report. Use accessible, neutral language and explain the main strengths and weaknesses without technical detail. Preserve all important numerical facts. Use contextual measures only as supporting information, not as indicators of performance. Use only the evidence provided.

Performance Evidence:
Facility: MONUMENT HEALTH RAPID CITY HOSPITAL

Strengths:
  Timely and Effective Care
  Relative Performance: 0.45 SD from cohort

  Key Measures:
    - ED Time - Psychiatric Patients: 179.00 Minutes
      Cohort Mean: 319.04 | Lower is Better
    - ED Time - All Patients: 162.00 Minutes
      Cohort Mean: 196.20 | Lower is Better

Weaknesses:
  Patient Survey

  Key Measures:
    - Recommend hospital: 3.00 Stars
      Cohort Mean: 3.41 | Higher is Better
    - Communication about medicines: 2.00 Stars
      Cohort Mean: 2.25 | Higher is Better

Narrative:",Training
350015,SANFORD MEDICAL CENTER BISMARCK,Patient Friendly,1,"Facility: SANFORD MEDICAL CENTER BISMARCK

Strengths:
  Healthcare-Associated Infections
  Overall: No Different than National Benchmark
  Relative Performance: 0.24 SD from cohort

  Key Measures:
    - CLABSI (ICU + select Wards): 0.26 Ratio (Observed/Predicted Cases)
      Cohort Mean: 0.55 | Lower is Better
    - MRSA Bacteremia: 0.41 Ratio (Observed/Predicted Cases)
      Cohort Mean: 0.69 | Lower is Better

Weaknesses:
  Timely and Effective Care

  Key Measures:
    - Septic Shock 6-Hour Bundle: 62.00 Percent
      Cohort Mean: 85.81 | Higher is Better
    - Severe Sepsis and Septic Shock Care: 38.00 Percent
      Cohort Mean: 62.75 | Higher is Better",,"Rewrite the hospital information for a patient with no healthcare background. Use plain everyday language, short sentences, and explain unfamiliar terms simply. Preserve all numbers, comparisons, and performance meaning. Use contextual measures only as supporting information, not as indicators of performance. Use only the evidence provided.

Performance Evidence:
Facility: SANFORD MEDICAL CENTER BISMARCK

Strengths:
  Healthcare-Associated Infections
  Overall: No Different than National Benchmark
  Relative Performance: 0.24 SD from cohort

  Key Measures:
    - CLABSI (ICU + select Wards): 0.26 Ratio (Observed/Predicted Cases)
      Cohort Mean: 0.55 | Lower is Better
    - MRSA Bacteremia: 0.41 Ratio (Observed/Predicted Cases)
      Cohort Mean: 0.69 | Lower is Better

Weaknesses:
  Timely and Effective Care

  Key Measures:
    - Septic Shock 6-Hour Bundle: 62.00 Percent
      Cohort Mean: 85.81 | Higher is Better
    - Severe Sepsis and Septic Shock Care: 38.00 Percent
      Cohort Mean: 62.75 | Higher is Better

Narrative:",Training
350015,SANFORD MEDICAL CENTER BISMARCK,Executive Summary,1,"Facility: SANFORD MEDICAL CENTER BISMARCK

Strengths:
  Healthcare-Associated Infections
  Overall: No Different than National Benchmark
  Relative Performance: 0.24 SD from cohort

  Key Measures:
    - CLABSI (ICU + select Wards): 0.26 Ratio (Observed/Predicted Cases)
      Cohort Mean: 0.55 | Lower is Better
    - MRSA Bacteremia: 0.41 Ratio (Observed/Predicted Cases)
      Cohort Mean: 0.69 | Lower is Better

Weaknesses:
  Timely and Effective Care

  Key Measures:
    - Septic Shock 6-Hour Bundle: 62.00 Percent
      Cohort Mean: 85.81 | Higher is Better
    - Severe Sepsis and Septic Shock Care: 38.00 Percent
      Cohort Mean: 62.75 | Higher is Better",,"Rewrite the hospital information as a concise executive briefing for hospital leadership. Prioritize the strongest domain, major risks, and the most important benchmark comparisons. Preserve all quantitative evidence. Use contextual measures only as supporting information, not as indicators of performance. Use only the evidence provided.

Performance Evidence:
Facility: SANFORD MEDICAL CENTER BISMARCK

Strengths:
  Healthcare-Associated Infections
  Overall: No Different than National Benchmark
  Relative Performance: 0.24 SD from cohort

  Key Measures:
    - CLABSI (ICU + select Wards): 0.26 Ratio (Observed/Predicted Cases)
      Cohort Mean: 0.55 | Lower is Better
    - MRSA Bacteremia: 0.41 Ratio (Observed/Predicted Cases)
      Cohort Mean: 0.69 | Lower is Better

Weaknesses:
  Timely and Effective Care

  Key Measures:
    - Septic Shock 6-Hour Bundle: 62.00 Percent
      Cohort Mean: 85.81 | Higher is Better
    - Severe Sepsis and Septic Shock Care: 38.00 Percent
      Cohort Mean: 62.75 | Higher is Better

Narrative:",Training
350015,SANFORD MEDICAL CENTER BISMARCK,Clinical,1,"Facility: SANFORD MEDICAL CENTER BISMARCK

Strengths:
  Healthcare-Associated Infections
  Overall: Better than the National Benchmark
  Relative Performance: 0.33 SD from cohort

  Key Measures:
    - CLABSI (ICU + select Wards): 0.26 Ratio (Observed/Predicted Cases)
      Cohort Mean: 0.55 | Lower is Better
    - CAUTI (ICU + select Wards): 0.47 Ratio (Observed/Predicted Cases)
      Cohort Mean: 0.50 | Lower is Better

Weaknesses:
  Timely and Effective Care

  Key Measures:
    - Septic Shock 6-Hour Bundle: 62.00 Percent
      Cohort Mean: 85.81 | Higher is Better
    - Severe Sepsis and Septic Shock Care: 38.00 Percent
      Cohort Mean: 62.75 | Higher is Better","Context:
  Healthcare-Associated Infections
    - CLABSI (ICU + select Wards): 7553.0 Device Days
    - CLABSI (ICU + select Wards): 2.0 Cases","Rewrite the hospital information for healthcare professionals. Use appropriate clinical terminology, retain measure-specific detail, and report quantitative comparisons precisely. Do not infer causation or statistical significance. Use contextual measures only as supporting information, not as indicators of performance. Use only the evidence provided.

Performance Evidence:
Facility: SANFORD MEDICAL CENTER BISMARCK

Strengths:
  Healthcare-Associated Infections
  Overall: Better than the National Benchmark
  Relative Performance: 0.33 SD from cohort

  Key Measures:
    - CLABSI (ICU + select Wards): 0.26 Ratio (Observed/Predicted Cases)
      Cohort Mean: 0.55 | Lower is Better
    - CAUTI (ICU + select Wards): 0.47 Ratio (Observed/Predicted Cases)
      Cohort Mean: 0.50 | Lower is Better

Weaknesses:
  Timely and Effective Care

  Key Measures:
    - Septic Shock 6-Hour Bundle: 62.00 Percent
      Cohort Mean: 85.81 | Higher is Better
    - Severe Sepsis and Septic Shock Care: 38.00 Percent
      Cohort Mean: 62.75 | Higher is Better

Supporting Context:
Context:
  Healthcare-Associated Infections
    - CLABSI (ICU + select Wards): 7553.0 Device Days
    - CLABSI (ICU + select Wards): 2.0 Cases

Narrative:",Training
350015,SANFORD MEDICAL CENTER BISMARCK,Community Report,1,"Facility: SANFORD MEDICAL CENTER BISMARCK

Strengths:
  Healthcare-Associated Infections
  Overall: No Different than National Benchmark
  Relative Performance: 0.24 SD from cohort

  Key Measures:
    - CLABSI (ICU + select Wards): 0.26 Ratio (Observed/Predicted Cases)
      Cohort Mean: 0.55 | Lower is Better
    - MRSA Bacteremia: 0.41 Ratio (Observed/Predicted Cases)
      Cohort Mean: 0.69 | Lower is Better

Weaknesses:
  Timely and Effective Care

  Key Measures:
    - Septic Shock 6-Hour Bundle: 62.00 Percent
      Cohort Mean: 85.81 | Higher is Better
    - Severe Sepsis and Septic Shock Care: 38.00 Percent
      Cohort Mean: 62.75 | Higher is Better",,"Rewrite the hospital information for a public community report. Use accessible, neutral language and explain the main strengths and weaknesses without technical detail. Preserve all important numerical facts. Use contextual measures only as supporting information, not as indicators of performance. Use only the evidence provided.

Performance Evidence:
Facility: SANFORD MEDICAL CENTER BISMARCK

Strengths:
  Healthcare-Associated Infections
  Overall: No Different than National Benchmark
  Relative Performance: 0.24 SD from cohort

  Key Measures:
    - CLABSI (ICU + select Wards): 0.26 Ratio (Observed/Predicted Cases)
      Cohort Mean: 0.55 | Lower is Better
    - MRSA Bacteremia: 0.41 Ratio (Observed/Predicted Cases)
      Cohort Mean: 0.69 | Lower is Better

Weaknesses:
  Timely and Effective Care

  Key Measures:
    - Septic Shock 6-Hour Bundle: 62.00 Percent
      Cohort Mean: 85.81 | Higher is Better
    - Severe Sepsis and Septic Shock Care: 38.00 Percent
      Cohort Mean: 62.75 | Higher is Better

Narrative:",Training
050549,LOS ROBLES HOSPITAL & MEDICAL CENTER,Patient Friendly,1,"Facility: LOS ROBLES HOSPITAL & MEDICAL CENTER

Strengths:
  Timely and Effective Care
  Relative Performance: 0.31 SD from cohort

  Key Measures:
    - Septic Shock 6-Hour Bundle: 95.00 Percent
      Cohort Mean: 85.81 | Higher is Better
    - ED Time - Psychiatric Patients: 176.00 Minutes
      Cohort Mean: 319.04 | Lower is Better

Weaknesses:
  Patient Survey

  Key Measures:
    - Discharge information: 2.00 Stars
      Cohort Mean: 3.10 | Higher is Better
    - Nurse communication: 2.00 Stars
      Cohort Mean: 3.03 | Higher is Better",,"Rewrite the hospital information for a patient with no healthcare background. Use plain everyday language, short sentences, and explain unfamiliar terms simply. Preserve all numbers, comparisons, and performance meaning. Use contextual measures only as supporting information, not as indicators of performance. Use only the evidence provided.

Performance Evidence:
Facility: LOS ROBLES HOSPITAL & MEDICAL CENTER

Strengths:
  Timely and Effective Care
  Relative Performance: 0.31 SD from cohort

  Key Measures:
    - Septic Shock 6-Hour Bundle: 95.00 Percent
      Cohort Mean: 85.81 | Higher is Better
    - ED Time - Psychiatric Patients: 176.00 Minutes
      Cohort Mean: 319.04 | Lower is Better

Weaknesses:
  Patient Survey

  Key Measures:
    - Discharge information: 2.00 Stars
      Cohort Mean: 3.10 | Higher is Better
    - Nurse communication: 2.00 Stars
      Cohort Mean: 3.03 | Higher is Better

Narrative:",Training
050549,LOS ROBLES HOSPITAL & MEDICAL CENTER,Executive Summary,1,"Facility: LOS ROBLES HOSPITAL & MEDICAL CENTER

Strengths:
  Timely and Effective Care
  Relative Performance: 0.31 SD from cohort

  Key Measures:
    - Septic Shock 6-Hour Bundle: 95.00 Percent
      Cohort Mean: 85.81 | Higher is Better
    - ED Time - Psychiatric Patients: 176.00 Minutes
      Cohort Mean: 319.04 | Lower is Better

Weaknesses:
  Patient Survey

  Key Measures:
    - Discharge information: 2.00 Stars
      Cohort Mean: 3.10 | Higher is Better
    - Nurse communication: 2.00 Stars
      Cohort Mean: 3.03 | Higher is Better",,"Rewrite the hospital information as a concise executive briefing for hospital leadership. Prioritize the strongest domain, major risks, and the most important benchmark comparisons. Preserve all quantitative evidence. Use contextual measures only as supporting information, not as indicators of performance. Use only the evidence provided.

Performance Evidence:
Facility: LOS ROBLES HOSPITAL & MEDICAL CENTER

Strengths:
  Timely and Effective Care
  Relative Performance: 0.31 SD from cohort

  Key Measures:
    - Septic Shock 6-Hour Bundle: 95.00 Percent
      Cohort Mean: 85.81 | Higher is Better
    - ED Time - Psychiatric Patients: 176.00 Minutes
      Cohort Mean: 319.04 | Lower is Better

Weaknesses:
  Patient Survey

  Key Measures:
    - Discharge information: 2.00 Stars
      Cohort Mean: 3.10 | Higher is Better
    - Nurse communication: 2.00 Stars
      Cohort Mean: 3.03 | Higher is Better

Narrative:",Training
050549,LOS ROBLES HOSPITAL & MEDICAL CENTER,Clinical,1,"Facility: LOS ROBLES HOSPITAL & MEDICAL CENTER

Strengths:
  Timely and Effective Care
  Relative Performance: 0.31 SD from cohort

  Key Measures:
    - Septic Shock 6-Hour Bundle: 95.00 Percent
      Cohort Mean: 85.81 | Higher is Better
    - ED Time - Psychiatric Patients: 176.00 Minutes
      Cohort Mean: 319.04 | Lower is Better

Weaknesses:
  Patient Survey

  Key Measures:
    - Discharge information: 2.00 Stars
      Cohort Mean: 3.10 | Higher is Better
    - Nurse communication: 2.00 Stars
      Cohort Mean: 3.03 | Higher is Better","Context:
  Healthcare-Associated Infections
    - CLABSI (ICU + select Wards): 7919.0 Device Days
    - CLABSI (ICU + select Wards): 3.0 Cases","Rewrite the hospital information for healthcare professionals. Use appropriate clinical terminology, retain measure-specific detail, and report quantitative comparisons precisely. Do not infer causation or statistical significance. Use contextual measures only as supporting information, not as indicators of performance. Use only the evidence provided.

Performance Evidence:
Facility: LOS ROBLES HOSPITAL & MEDICAL CENTER

Strengths:
  Timely and Effective Care
  Relative Performance: 0.31 SD from cohort

  Key Measures:
    - Septic Shock 6-Hour Bundle: 95.00 Percent
      Cohort Mean: 85.81 | Higher is Better
    - ED Time - Psychiatric Patients: 176.00 Minutes
      Cohort Mean: 319.04 | Lower is Better

Weaknesses:
  Patient Survey

  Key Measures:
    - Discharge information: 2.00 Stars
      Cohort Mean: 3.10 | Higher is Better
    - Nurse communication: 2.00 Stars
      Cohort Mean: 3.03 | Higher is Better

Supporting Context:
Context:
  Healthcare-Associated Infections
    - CLABSI (ICU + select Wards): 7919.0 Device Days
    - CLABSI (ICU + select Wards): 3.0 Cases

Narrative:",Training
050549,LOS ROBLES HOSPITAL & MEDICAL CENTER,Community Report,1,"Facility: LOS ROBLES HOSPITAL & MEDICAL CENTER

Strengths:
  Timely and Effective Care
  Relative Performance: 0.31 SD from cohort

  Key Measures:
    - Septic Shock 6-Hour Bundle: 95.00 Percent
      Cohort Mean: 85.81 | Higher is Better
    - ED Time - Psychiatric Patients: 176.00 Minutes
      Cohort Mean: 319.04 | Lower is Better

Weaknesses:
  Patient Survey

  Key Measures:
    - Discharge information: 2.00 Stars
      Cohort Mean: 3.10 | Higher is Better
    - Nurse communication: 2.00 Stars
      Cohort Mean: 3.03 | Higher is Better",,"Rewrite the hospital information for a public community report. Use accessible, neutral language and explain the main strengths and weaknesses without technical detail. Preserve all important numerical facts. Use contextual measures only as supporting information, not as indicators of performance. Use only the evidence provided.

Performance Evidence:
Facility: LOS ROBLES HOSPITAL & MEDICAL CENTER

Strengths:
  Timely and Effective Care
  Relative Performance: 0.31 SD from cohort

  Key Measures:
    - Septic Shock 6-Hour Bundle: 95.00 Percent
      Cohort Mean: 85.81 | Higher is Better
    - ED Time - Psychiatric Patients: 176.00 Minutes
      Cohort Mean: 319.04 | Lower is Better

Weaknesses:
  Patient Survey

  Key Measures:
    - Discharge information: 2.00 Stars
      Cohort Mean: 3.10 | Higher is Better
    - Nurse communication: 2.00 Stars
      Cohort Mean: 3.03 | Higher is Better

Narrative:",Training
050132,SAN GABRIEL VALLEY MEDICAL CENTER,Patient Friendly,1,"Facility: SAN GABRIEL VALLEY MEDICAL CENTER

Strengths:
  Timely and Effective Care
  Relative Performance: 1.24 SD from cohort

  Key Measures:
    - Severe Sepsis and Septic Shock Care: 95.00 Percent
      Cohort Mean: 62.75 | Higher is Better
    - Severe Sepsis 3-Hour Bundle: 98.00 Percent
      Cohort Mean: 79.54 | Higher is Better

Weaknesses:
  Patient Survey

  Key Measures:
    - Doctor communication: 2.00 Stars
      Cohort Mean: 2.97 | Higher is Better
    - Nurse communication: 2.00 Stars
      Cohort Mean: 3.03 | Higher is Better",,"Rewrite the hospital information for a patient with no healthcare background. Use plain everyday language, short sentences, and explain unfamiliar terms simply. Preserve all numbers, comparisons, and performance meaning. Use contextual measures only as supporting information, not as indicators of performance. Use only the evidence provided.

Performance Evidence:
Facility: SAN GABRIEL VALLEY MEDICAL CENTER

Strengths:
  Timely and Effective Care
  Relative Performance: 1.24 SD from cohort

  Key Measures:
    - Severe Sepsis and Septic Shock Care: 95.00 Percent
      Cohort Mean: 62.75 | Higher is Better
    - Severe Sepsis 3-Hour Bundle: 98.00 Percent
      Cohort Mean: 79.54 | Higher is Better

Weaknesses:
  Patient Survey

  Key Measures:
    - Doctor communication: 2.00 Stars
      Cohort Mean: 2.97 | Higher is Better
    - Nurse communication: 2.00 Stars
      Cohort Mean: 3.03 | Higher is Better

Narrative:",Training
050132,SAN GABRIEL VALLEY MEDICAL CENTER,Executive Summary,1,"Facility: SAN GABRIEL VALLEY MEDICAL CENTER

Strengths:
  Timely and Effective Care
  Relative Performance: 1.24 SD from cohort

  Key Measures:
    - Severe Sepsis and Septic Shock Care: 95.00 Percent
      Cohort Mean: 62.75 | Higher is Better
    - Severe Sepsis 3-Hour Bundle: 98.00 Percent
      Cohort Mean: 79.54 | Higher is Better

Weaknesses:
  Patient Survey

  Key Measures:
    - Doctor communication: 2.00 Stars
      Cohort Mean: 2.97 | Higher is Better
    - Nurse communication: 2.00 Stars
      Cohort Mean: 3.03 | Higher is Better",,"Rewrite the hospital information as a concise executive briefing for hospital leadership. Prioritize the strongest domain, major risks, and the most important benchmark comparisons. Preserve all quantitative evidence. Use contextual measures only as supporting information, not as indicators of performance. Use only the evidence provided.

Performance Evidence:
Facility: SAN GABRIEL VALLEY MEDICAL CENTER

Strengths:
  Timely and Effective Care
  Relative Performance: 1.24 SD from cohort

  Key Measures:
    - Severe Sepsis and Septic Shock Care: 95.00 Percent
      Cohort Mean: 62.75 | Higher is Better
    - Severe Sepsis 3-Hour Bundle: 98.00 Percent
      Cohort Mean: 79.54 | Higher is Better

Weaknesses:
  Patient Survey

  Key Measures:
    - Doctor communication: 2.00 Stars
      Cohort Mean: 2.97 | Higher is Better
    - Nurse communication: 2.00 Stars
      Cohort Mean: 3.03 | Higher is Better

Narrative:",Training
050132,SAN GABRIEL VALLEY MEDICAL CENTER,Clinical,1,"Facility: SAN GABRIEL VALLEY MEDICAL CENTER

Strengths:
  Timely and Effective Care
  Relative Performance: 1.24 SD from cohort

  Key Measures:
    - Severe Sepsis and Septic Shock Care: 95.00 Percent
      Cohort Mean: 62.75 | Higher is Better
    - Severe Sepsis 3-Hour Bundle: 98.00 Percent
      Cohort Mean: 79.54 | Higher is Better

Weaknesses:
  Healthcare-Associated Infections

  Key Measures:
    - CLABSI (ICU + select Wards): 1.86 Ratio (Observed/Predicted Cases)
      Cohort Mean: 0.55 | Lower is Better
    - CAUTI (ICU + select Wards): 0.00 Ratio (Observed/Predicted Cases)
      Cohort Mean: 0.50 | Lower is Better","Context:
  Healthcare-Associated Infections
    - CLABSI (ICU + select Wards): 2006.0 Device Days
    - CLABSI (ICU + select Wards): 3.0 Cases","Rewrite the hospital information for healthcare professionals. Use appropriate clinical terminology, retain measure-specific detail, and report quantitative comparisons precisely. Do not infer causation or statistical significance. Use contextual measures only as supporting information, not as indicators of performance. Use only the evidence provided.

Performance Evidence:
Facility: SAN GABRIEL VALLEY MEDICAL CENTER

Strengths:
  Timely and Effective Care
  Relative Performance: 1.24 SD from cohort

  Key Measures:
    - Severe Sepsis and Septic Shock Care: 95.00 Percent
      Cohort Mean: 62.75 | Higher is Better
    - Severe Sepsis 3-Hour Bundle: 98.00 Percent
      Cohort Mean: 79.54 | Higher is Better

Weaknesses:
  Healthcare-Associated Infections

  Key Measures:
    - CLABSI (ICU + select Wards): 1.86 Ratio (Observed/Predicted Cases)
      Cohort Mean: 0.55 | Lower is Better
    - CAUTI (ICU + select Wards): 0.00 Ratio (Observed/Predicted Cases)
      Cohort Mean: 0.50 | Lower is Better

Supporting Context:
Context:
  Healthcare-Associated Infections
    - CLABSI (ICU + select Wards): 2006.0 Device Days
    - CLABSI (ICU + select Wards): 3.0 Cases

Narrative:",Training
050132,SAN GABRIEL VALLEY MEDICAL CENTER,Community Report,1,"Facility: SAN GABRIEL VALLEY MEDICAL CENTER

Strengths:
  Timely and Effective Care
  Relative Performance: 1.24 SD from cohort

  Key Measures:
    - Severe Sepsis and Septic Shock Care: 95.00 Percent
      Cohort Mean: 62.75 | Higher is Better
    - Severe Sepsis 3-Hour Bundle: 98.00 Percent
      Cohort Mean: 79.54 | Higher is Better

Weaknesses:
  Patient Survey

  Key Measures:
    - Doctor communication: 2.00 Stars
      Cohort Mean: 2.97 | Higher is Better
    - Nurse communication: 2.00 Stars
      Cohort Mean: 3.03 | Higher is Better",,"Rewrite the hospital information for a public community report. Use accessible, neutral language and explain the main strengths and weaknesses without technical detail. Preserve all important numerical facts. Use contextual measures only as supporting information, not as indicators of performance. Use only the evidence provided.

Performance Evidence:
Facility: SAN GABRIEL VALLEY MEDICAL CENTER

Strengths:
  Timely and Effective Care
  Relative Performance: 1.24 SD from cohort

  Key Measures:
    - Severe Sepsis and Septic Shock Care: 95.00 Percent
      Cohort Mean: 62.75 | Higher is Better
    - Severe Sepsis 3-Hour Bundle: 98.00 Percent
      Cohort Mean: 79.54 | Higher is Better

Weaknesses:
  Patient Survey

  Key Measures:
    - Doctor communication: 2.00 Stars
      Cohort Mean: 2.97 | Higher is Better
    - Nurse communication: 2.00 Stars
      Cohort Mean: 3.03 | Higher is Better

Narrative:",Training
250123,SINGING RIVER GULFPORT,Patient Friendly,1,"Facility: SINGING RIVER GULFPORT

Strengths:
  Patient Survey
  Relative Performance: 0.80 SD from cohort

  Key Measures:
    - Doctor communication: 4.00 Stars
      Cohort Mean: 2.97 | Higher is Better
    - Quietness: 4.00 Stars
      Cohort Mean: 2.78 | Higher is Better

Weaknesses:
  Healthcare-Associated Infections

  Key Measures:
    - CAUTI (ICU + select Wards): 0.86 Ratio (Observed/Predicted Cases)
      Cohort Mean: 0.50 | Lower is Better
    - Clostridium Difficile: 0.38 Ratio (Observed/Predicted Cases)
      Cohort Mean: 0.34 | Lower is Better",,"Rewrite the hospital information for a patient with no healthcare background. Use plain everyday language, short sentences, and explain unfamiliar terms simply. Preserve all numbers, comparisons, and performance meaning. Use contextual measures only as supporting information, not as indicators of performance. Use only the evidence provided.

Performance Evidence:
Facility: SINGING RIVER GULFPORT

Strengths:
  Patient Survey
  Relative Performance: 0.80 SD from cohort

  Key Measures:
    - Doctor communication: 4.00 Stars
      Cohort Mean: 2.97 | Higher is Better
    - Quietness: 4.00 Stars
      Cohort Mean: 2.78 | Higher is Better

Weaknesses:
  Healthcare-Associated Infections

  Key Measures:
    - CAUTI (ICU + select Wards): 0.86 Ratio (Observed/Predicted Cases)
      Cohort Mean: 0.50 | Lower is Better
    - Clostridium Difficile: 0.38 Ratio (Observed/Predicted Cases)
      Cohort Mean: 0.34 | Lower is Better

Narrative:",Training
250123,SINGING RIVER GULFPORT,Executive Summary,1,"Facility: SINGING RIVER GULFPORT

Strengths:
  Patient Survey
  Relative Performance: 0.80 SD from cohort

  Key Measures:
    - Doctor communication: 4.00 Stars
      Cohort Mean: 2.97 | Higher is Better
    - Quietness: 4.00 Stars
      Cohort Mean: 2.78 | Higher is Better

Weaknesses:
  Healthcare-Associated Infections

  Key Measures:
    - CAUTI (ICU + select Wards): 0.86 Ratio (Observed/Predicted Cases)
      Cohort Mean: 0.50 | Lower is Better
    - Clostridium Difficile: 0.38 Ratio (Observed/Predicted Cases)
      Cohort Mean: 0.34 | Lower is Better",,"Rewrite the hospital information as a concise executive briefing for hospital leadership. Prioritize the strongest domain, major risks, and the most important benchmark comparisons. Preserve all quantitative evidence. Use contextual measures only as supporting information, not as indicators of performance. Use only the evidence provided.

Performance Evidence:
Facility: SINGING RIVER GULFPORT

Strengths:
  Patient Survey
  Relative Performance: 0.80 SD from cohort

  Key Measures:
    - Doctor communication: 4.00 Stars
      Cohort Mean: 2.97 | Higher is Better
    - Quietness: 4.00 Stars
      Cohort Mean: 2.78 | Higher is Better

Weaknesses:
  Healthcare-Associated Infections

  Key Measures:
    - CAUTI (ICU + select Wards): 0.86 Ratio (Observed/Predicted Cases)
      Cohort Mean: 0.50 | Lower is Better
    - Clostridium Difficile: 0.38 Ratio (Observed/Predicted Cases)
      Cohort Mean: 0.34 | Lower is Better

Narrative:",Training
250123,SINGING RIVER GULFPORT,Clinical,1,"Facility: SINGING RIVER GULFPORT

Strengths:
  Patient Survey
  Relative Performance: 0.80 SD from cohort

  Key Measures:
    - Doctor communication: 4.00 Stars
      Cohort Mean: 2.97 | Higher is Better
    - Quietness: 4.00 Stars
      Cohort Mean: 2.78 | Higher is Better

Weaknesses:
  Healthcare-Associated Infections

  Key Measures:
    - CAUTI (ICU + select Wards): 0.86 Ratio (Observed/Predicted Cases)
      Cohort Mean: 0.50 | Lower is Better
    - CLABSI (ICU + select Wards): 0.22 Ratio (Observed/Predicted Cases)
      Cohort Mean: 0.55 | Lower is Better","Context:
  Healthcare-Associated Infections
    - CLABSI (ICU + select Wards): 5158.0 Device Days
    - CLABSI (ICU + select Wards): 1.0 Cases","Rewrite the hospital information for healthcare professionals. Use appropriate clinical terminology, retain measure-specific detail, and report quantitative comparisons precisely. Do not infer causation or statistical significance. Use contextual measures only as supporting information, not as indicators of performance. Use only the evidence provided.

Performance Evidence:
Facility: SINGING RIVER GULFPORT

Strengths:
  Patient Survey
  Relative Performance: 0.80 SD from cohort

  Key Measures:
    - Doctor communication: 4.00 Stars
      Cohort Mean: 2.97 | Higher is Better
    - Quietness: 4.00 Stars
      Cohort Mean: 2.78 | Higher is Better

Weaknesses:
  Healthcare-Associated Infections

  Key Measures:
    - CAUTI (ICU + select Wards): 0.86 Ratio (Observed/Predicted Cases)
      Cohort Mean: 0.50 | Lower is Better
    - CLABSI (ICU + select Wards): 0.22 Ratio (Observed/Predicted Cases)
      Cohort Mean: 0.55 | Lower is Better

Supporting Context:
Context:
  Healthcare-Associated Infections
    - CLABSI (ICU + select Wards): 5158.0 Device Days
    - CLABSI (ICU + select Wards): 1.0 Cases

Narrative:",Training
250123,SINGING RIVER GULFPORT,Community Report,1,"Facility: SINGING RIVER GULFPORT

Strengths:
  Patient Survey
  Relative Performance: 0.80 SD from cohort

  Key Measures:
    - Doctor communication: 4.00 Stars
      Cohort Mean: 2.97 | Higher is Better
    - Quietness: 4.00 Stars
      Cohort Mean: 2.78 | Higher is Better

Weaknesses:
  Healthcare-Associated Infections

  Key Measures:
    - CAUTI (ICU + select Wards): 0.86 Ratio (Observed/Predicted Cases)
      Cohort Mean: 0.50 | Lower is Better
    - Clostridium Difficile: 0.38 Ratio (Observed/Predicted Cases)
      Cohort Mean: 0.34 | Lower is Better",,"Rewrite the hospital information for a public community report. Use accessible, neutral language and explain the main strengths and weaknesses without technical detail. Preserve all important numerical facts. Use contextual measures only as supporting information, not as indicators of performance. Use only the evidence provided.

Performance Evidence:
Facility: SINGING RIVER GULFPORT

Strengths:
  Patient Survey
  Relative Performance: 0.80 SD from cohort

  Key Measures:
    - Doctor communication: 4.00 Stars
      Cohort Mean: 2.97 | Higher is Better
    - Quietness: 4.00 Stars
      Cohort Mean: 2.78 | Higher is Better

Weaknesses:
  Healthcare-Associated Infections

  Key Measures:
    - CAUTI (ICU + select Wards): 0.86 Ratio (Observed/Predicted Cases)
      Cohort Mean: 0.50 | Lower is Better
    - Clostridium Difficile: 0.38 Ratio (Observed/Predicted Cases)
      Cohort Mean: 0.34 | Lower is Better

Narrative:",Training
150042,GOOD SAMARITAN HOSPITAL,Patient Friendly,1,"Facility: GOOD SAMARITAN HOSPITAL

Strengths:
  Timely and Effective Care
  Relative Performance: 0.98 SD from cohort

  Key Measures:
    - ED Time - General Patients: 117.00 Minutes
      Cohort Mean: 191.65 | Lower is Better
    - ED Time - All Patients: 121.00 Minutes
      Cohort Mean: 196.20 | Lower is Better

Weaknesses:
  Healthcare-Associated Infections

  Key Measures:
    - Clostridium Difficile: 1.00 Ratio (Observed/Predicted Cases)
      Cohort Mean: 0.34 | Lower is Better
    - CLABSI (ICU + select Wards): 1.50 Ratio (Observed/Predicted Cases)
      Cohort Mean: 0.55 | Lower is Better",,"Rewrite the hospital information for a patient with no healthcare background. Use plain everyday language, short sentences, and explain unfamiliar terms simply. Preserve all numbers, comparisons, and performance meaning. Use contextual measures only as supporting information, not as indicators of performance. Use only the evidence provided.

Performance Evidence:
Facility: GOOD SAMARITAN HOSPITAL

Strengths:
  Timely and Effective Care
  Relative Performance: 0.98 SD from cohort

  Key Measures:
    - ED Time - General Patients: 117.00 Minutes
      Cohort Mean: 191.65 | Lower is Better
    - ED Time - All Patients: 121.00 Minutes
      Cohort Mean: 196.20 | Lower is Better

Weaknesses:
  Healthcare-Associated Infections

  Key Measures:
    - Clostridium Difficile: 1.00 Ratio (Observed/Predicted Cases)
      Cohort Mean: 0.34 | Lower is Better
    - CLABSI (ICU + select Wards): 1.50 Ratio (Observed/Predicted Cases)
      Cohort Mean: 0.55 | Lower is Better

Narrative:",Development
150042,GOOD SAMARITAN HOSPITAL,Executive Summary,1,"Facility: GOOD SAMARITAN HOSPITAL

Strengths:
  Timely and Effective Care
  Relative Performance: 0.98 SD from cohort

  Key Measures:
    - ED Time - General Patients: 117.00 Minutes
      Cohort Mean: 191.65 | Lower is Better
    - ED Time - All Patients: 121.00 Minutes
      Cohort Mean: 196.20 | Lower is Better

Weaknesses:
  Healthcare-Associated Infections

  Key Measures:
    - Clostridium Difficile: 1.00 Ratio (Observed/Predicted Cases)
      Cohort Mean: 0.34 | Lower is Better
    - CLABSI (ICU + select Wards): 1.50 Ratio (Observed/Predicted Cases)
      Cohort Mean: 0.55 | Lower is Better",,"Rewrite the hospital information as a concise executive briefing for hospital leadership. Prioritize the strongest domain, major risks, and the most important benchmark comparisons. Preserve all quantitative evidence. Use contextual measures only as supporting information, not as indicators of performance. Use only the evidence provided.

Performance Evidence:
Facility: GOOD SAMARITAN HOSPITAL

Strengths:
  Timely and Effective Care
  Relative Performance: 0.98 SD from cohort

  Key Measures:
    - ED Time - General Patients: 117.00 Minutes
      Cohort Mean: 191.65 | Lower is Better
    - ED Time - All Patients: 121.00 Minutes
      Cohort Mean: 196.20 | Lower is Better

Weaknesses:
  Healthcare-Associated Infections

  Key Measures:
    - Clostridium Difficile: 1.00 Ratio (Observed/Predicted Cases)
      Cohort Mean: 0.34 | Lower is Better
    - CLABSI (ICU + select Wards): 1.50 Ratio (Observed/Predicted Cases)
      Cohort Mean: 0.55 | Lower is Better

Narrative:",Development
150042,GOOD SAMARITAN HOSPITAL,Clinical,1,"Facility: GOOD SAMARITAN HOSPITAL

Strengths:
  Timely and Effective Care
  Relative Performance: 0.98 SD from cohort

  Key Measures:
    - ED Time - General Patients: 117.00 Minutes
      Cohort Mean: 191.65 | Lower is Better
    - ED Time - All Patients: 121.00 Minutes
      Cohort Mean: 196.20 | Lower is Better

Weaknesses:
  Healthcare-Associated Infections

  Key Measures:
    - CLABSI (ICU + select Wards): 1.50 Ratio (Observed/Predicted Cases)
      Cohort Mean: 0.55 | Lower is Better
    - CAUTI (ICU + select Wards): 1.24 Ratio (Observed/Predicted Cases)
      Cohort Mean: 0.50 | Lower is Better","Context:
  Healthcare-Associated Infections
    - CLABSI (ICU + select Wards): 2230.0 Device Days
    - CLABSI (ICU + select Wards): 3.0 Cases","Rewrite the hospital information for healthcare professionals. Use appropriate clinical terminology, retain measure-specific detail, and report quantitative comparisons precisely. Do not infer causation or statistical significance. Use contextual measures only as supporting information, not as indicators of performance. Use only the evidence provided.

Performance Evidence:
Facility: GOOD SAMARITAN HOSPITAL

Strengths:
  Timely and Effective Care
  Relative Performance: 0.98 SD from cohort

  Key Measures:
    - ED Time - General Patients: 117.00 Minutes
      Cohort Mean: 191.65 | Lower is Better
    - ED Time - All Patients: 121.00 Minutes
      Cohort Mean: 196.20 | Lower is Better

Weaknesses:
  Healthcare-Associated Infections

  Key Measures:
    - CLABSI (ICU + select Wards): 1.50 Ratio (Observed/Predicted Cases)
      Cohort Mean: 0.55 | Lower is Better
    - CAUTI (ICU + select Wards): 1.24 Ratio (Observed/Predicted Cases)
      Cohort Mean: 0.50 | Lower is Better

Supporting Context:
Context:
  Healthcare-Associated Infections
    - CLABSI (ICU + select Wards): 2230.0 Device Days
    - CLABSI (ICU + select Wards): 3.0 Cases

Narrative:",Development
150042,GOOD SAMARITAN HOSPITAL,Community Report,1,"Facility: GOOD SAMARITAN HOSPITAL

Strengths:
  Timely and Effective Care
  Relative Performance: 0.98 SD from cohort

  Key Measures:
    - ED Time - General Patients: 117.00 Minutes
      Cohort Mean: 191.65 | Lower is Better
    - ED Time - All Patients: 121.00 Minutes
      Cohort Mean: 196.20 | Lower is Better

Weaknesses:
  Healthcare-Associated Infections

  Key Measures:
    - Clostridium Difficile: 1.00 Ratio (Observed/Predicted Cases)
      Cohort Mean: 0.34 | Lower is Better
    - CLABSI (ICU + select Wards): 1.50 Ratio (Observed/Predicted Cases)
      Cohort Mean: 0.55 | Lower is Better",,"Rewrite the hospital information for a public community report. Use accessible, neutral language and explain the main strengths and weaknesses without technical detail. Preserve all important numerical facts. Use contextual measures only as supporting information, not as indicators of performance. Use only the evidence provided.

Performance Evidence:
Facility: GOOD SAMARITAN HOSPITAL

Strengths:
  Timely and Effective Care
  Relative Performance: 0.98 SD from cohort

  Key Measures:
    - ED Time - General Patients: 117.00 Minutes
      Cohort Mean: 191.65 | Lower is Better
    - ED Time - All Patients: 121.00 Minutes
      Cohort Mean: 196.20 | Lower is Better

Weaknesses:
  Healthcare-Associated Infections

  Key Measures:
    - Clostridium Difficile: 1.00 Ratio (Observed/Predicted Cases)
      Cohort Mean: 0.34 | Lower is Better
    - CLABSI (ICU + select Wards): 1.50 Ratio (Observed/Predicted Cases)
      Cohort Mean: 0.55 | Lower is Better

Narrative:",Development
430014,AVERA ST LUKES,Patient Friendly,1,"Facility: AVERA ST LUKES

Strengths:
  Timely and Effective Care
  Relative Performance: 0.84 SD from cohort

  Key Measures:
    - ED Time - All Patients: 123.00 Minutes
      Cohort Mean: 196.20 | Lower is Better
    - ED Time - General Patients: 123.00 Minutes
      Cohort Mean: 191.65 | Lower is Better

Weaknesses:
  Healthcare-Associated Infections

  Key Measures:
    - Clostridium Difficile: 1.27 Ratio (Observed/Predicted Cases)
      Cohort Mean: 0.34 | Lower is Better
    - CAUTI (ICU + select Wards): 0.00 Ratio (Observed/Predicted Cases)
      Cohort Mean: 0.50 | Lower is Better",,"Rewrite the hospital information for a patient with no healthcare background. Use plain everyday language, short sentences, and explain unfamiliar terms simply. Preserve all numbers, comparisons, and performance meaning. Use contextual measures only as supporting information, not as indicators of performance. Use only the evidence provided.

Performance Evidence:
Facility: AVERA ST LUKES

Strengths:
  Timely and Effective Care
  Relative Performance: 0.84 SD from cohort

  Key Measures:
    - ED Time - All Patients: 123.00 Minutes
      Cohort Mean: 196.20 | Lower is Better
    - ED Time - General Patients: 123.00 Minutes
      Cohort Mean: 191.65 | Lower is Better

Weaknesses:
  Healthcare-Associated Infections

  Key Measures:
    - Clostridium Difficile: 1.27 Ratio (Observed/Predicted Cases)
      Cohort Mean: 0.34 | Lower is Better
    - CAUTI (ICU + select Wards): 0.00 Ratio (Observed/Predicted Cases)
      Cohort Mean: 0.50 | Lower is Better

Narrative:",Development
430014,AVERA ST LUKES,Executive Summary,1,"Facility: AVERA ST LUKES

Strengths:
  Timely and Effective Care
  Relative Performance: 0.84 SD from cohort

  Key Measures:
    - ED Time - All Patients: 123.00 Minutes
      Cohort Mean: 196.20 | Lower is Better
    - ED Time - General Patients: 123.00 Minutes
      Cohort Mean: 191.65 | Lower is Better

Weaknesses:
  Healthcare-Associated Infections

  Key Measures:
    - Clostridium Difficile: 1.27 Ratio (Observed/Predicted Cases)
      Cohort Mean: 0.34 | Lower is Better
    - CAUTI (ICU + select Wards): 0.00 Ratio (Observed/Predicted Cases)
      Cohort Mean: 0.50 | Lower is Better",,"Rewrite the hospital information as a concise executive briefing for hospital leadership. Prioritize the strongest domain, major risks, and the most important benchmark comparisons. Preserve all quantitative evidence. Use contextual measures only as supporting information, not as indicators of performance. Use only the evidence provided.

Performance Evidence:
Facility: AVERA ST LUKES

Strengths:
  Timely and Effective Care
  Relative Performance: 0.84 SD from cohort

  Key Measures:
    - ED Time - All Patients: 123.00 Minutes
      Cohort Mean: 196.20 | Lower is Better
    - ED Time - General Patients: 123.00 Minutes
      Cohort Mean: 191.65 | Lower is Better

Weaknesses:
  Healthcare-Associated Infections

  Key Measures:
    - Clostridium Difficile: 1.27 Ratio (Observed/Predicted Cases)
      Cohort Mean: 0.34 | Lower is Better
    - CAUTI (ICU + select Wards): 0.00 Ratio (Observed/Predicted Cases)
      Cohort Mean: 0.50 | Lower is Better

Narrative:",Development
430014,AVERA ST LUKES,Clinical,1,"Facility: AVERA ST LUKES

Strengths:
  Healthcare-Associated Infections
  Overall: No Different than National Benchmark
  Relative Performance: 1.15 SD from cohort

  Key Measures:
    - SSI (Colon Surgery): 0.00 Ratio (Observed/Predicted Cases)
      Cohort Mean: 0.83 | Lower is Better
    - CAUTI (ICU + select Wards): 0.00 Ratio (Observed/Predicted Cases)
      Cohort Mean: 0.50 | Lower is Better

Weaknesses:
  Patient Survey

  Key Measures:
    - Cleanliness: 3.00 Stars
      Cohort Mean: 3.00 | Higher is Better
    - Quietness: 3.00 Stars
      Cohort Mean: 2.78 | Higher is Better","Context:
  Healthcare-Associated Infections
    - CLABSI (ICU + select Wards): 1217.0 Device Days
    - CLABSI (ICU + select Wards): 0.0 Cases","Rewrite the hospital information for healthcare professionals. Use appropriate clinical terminology, retain measure-specific detail, and report quantitative comparisons precisely. Do not infer causation or statistical significance. Use contextual measures only as supporting information, not as indicators of performance. Use only the evidence provided.

Performance Evidence:
Facility: AVERA ST LUKES

Strengths:
  Healthcare-Associated Infections
  Overall: No Different than National Benchmark
  Relative Performance: 1.15 SD from cohort

  Key Measures:
    - SSI (Colon Surgery): 0.00 Ratio (Observed/Predicted Cases)
      Cohort Mean: 0.83 | Lower is Better
    - CAUTI (ICU + select Wards): 0.00 Ratio (Observed/Predicted Cases)
      Cohort Mean: 0.50 | Lower is Better

Weaknesses:
  Patient Survey

  Key Measures:
    - Cleanliness: 3.00 Stars
      Cohort Mean: 3.00 | Higher is Better
    - Quietness: 3.00 Stars
      Cohort Mean: 2.78 | Higher is Better

Supporting Context:
Context:
  Healthcare-Associated Infections
    - CLABSI (ICU + select Wards): 1217.0 Device Days
    - CLABSI (ICU + select Wards): 0.0 Cases

Narrative:",Development
430014,AVERA ST LUKES,Community Report,1,"Facility: AVERA ST LUKES

Strengths:
  Timely and Effective Care
  Relative Performance: 0.84 SD from cohort

  Key Measures:
    - ED Time - All Patients: 123.00 Minutes
      Cohort Mean: 196.20 | Lower is Better
    - ED Time - General Patients: 123.00 Minutes
      Cohort Mean: 191.65 | Lower is Better

Weaknesses:
  Healthcare-Associated Infections

  Key Measures:
    - Clostridium Difficile: 1.27 Ratio (Observed/Predicted Cases)
      Cohort Mean: 0.34 | Lower is Better
    - CAUTI (ICU + select Wards): 0.00 Ratio (Observed/Predicted Cases)
      Cohort Mean: 0.50 | Lower is Better",,"Rewrite the hospital information for a public community report. Use accessible, neutral language and explain the main strengths and weaknesses without technical detail. Preserve all important numerical facts. Use contextual measures only as supporting information, not as indicators of performance. Use only the evidence provided.

Performance Evidence:
Facility: AVERA ST LUKES

Strengths:
  Timely and Effective Care
  Relative Performance: 0.84 SD from cohort

  Key Measures:
    - ED Time - All Patients: 123.00 Minutes
      Cohort Mean: 196.20 | Lower is Better
    - ED Time - General Patients: 123.00 Minutes
      Cohort Mean: 191.65 | Lower is Better

Weaknesses:
  Healthcare-Associated Infections

  Key Measures:
    - Clostridium Difficile: 1.27 Ratio (Observed/Predicted Cases)
      Cohort Mean: 0.34 | Lower is Better
    - CAUTI (ICU + select Wards): 0.00 Ratio (Observed/Predicted Cases)
      Cohort Mean: 0.50 | Lower is Better

Narrative:",Development
190274,OCHSNER MEDICAL CENTER-KENNER,Patient Friendly,1,"Facility: OCHSNER MEDICAL CENTER-KENNER

Strengths:
  Patient Survey
  Relative Performance: 0.39 SD from cohort

  Key Measures:
    - Discharge information: 5.00 Stars
      Cohort Mean: 3.10 | Higher is Better
    - Communication about medicines: 3.00 Stars
      Cohort Mean: 2.25 | Higher is Better

Weaknesses:
  Healthcare-Associated Infections

  Key Measures:
    - CLABSI (ICU + select Wards): 1.24 Ratio (Observed/Predicted Cases)
      Cohort Mean: 0.55 | Lower is Better
    - CAUTI (ICU + select Wards): 0.54 Ratio (Observed/Predicted Cases)
      Cohort Mean: 0.50 | Lower is Better",,"Rewrite the hospital information for a patient with no healthcare background. Use plain everyday language, short sentences, and explain unfamiliar terms simply. Preserve all numbers, comparisons, and performance meaning. Use contextual measures only as supporting information, not as indicators of performance. Use only the evidence provided.

Performance Evidence:
Facility: OCHSNER MEDICAL CENTER-KENNER

Strengths:
  Patient Survey
  Relative Performance: 0.39 SD from cohort

  Key Measures:
    - Discharge information: 5.00 Stars
      Cohort Mean: 3.10 | Higher is Better
    - Communication about medicines: 3.00 Stars
      Cohort Mean: 2.25 | Higher is Better

Weaknesses:
  Healthcare-Associated Infections

  Key Measures:
    - CLABSI (ICU + select Wards): 1.24 Ratio (Observed/Predicted Cases)
      Cohort Mean: 0.55 | Lower is Better
    - CAUTI (ICU + select Wards): 0.54 Ratio (Observed/Predicted Cases)
      Cohort Mean: 0.50 | Lower is Better

Narrative:",Development
190274,OCHSNER MEDICAL CENTER-KENNER,Executive Summary,1,"Facility: OCHSNER MEDICAL CENTER-KENNER

Strengths:
  Patient Survey
  Relative Performance: 0.39 SD from cohort

  Key Measures:
    - Discharge information: 5.00 Stars
      Cohort Mean: 3.10 | Higher is Better
    - Communication about medicines: 3.00 Stars
      Cohort Mean: 2.25 | Higher is Better

Weaknesses:
  Healthcare-Associated Infections

  Key Measures:
    - CLABSI (ICU + select Wards): 1.24 Ratio (Observed/Predicted Cases)
      Cohort Mean: 0.55 | Lower is Better
    - CAUTI (ICU + select Wards): 0.54 Ratio (Observed/Predicted Cases)
      Cohort Mean: 0.50 | Lower is Better",,"Rewrite the hospital information as a concise executive briefing for hospital leadership. Prioritize the strongest domain, major risks, and the most important benchmark comparisons. Preserve all quantitative evidence. Use contextual measures only as supporting information, not as indicators of performance. Use only the evidence provided.

Performance Evidence:
Facility: OCHSNER MEDICAL CENTER-KENNER

Strengths:
  Patient Survey
  Relative Performance: 0.39 SD from cohort

  Key Measures:
    - Discharge information: 5.00 Stars
      Cohort Mean: 3.10 | Higher is Better
    - Communication about medicines: 3.00 Stars
      Cohort Mean: 2.25 | Higher is Better

Weaknesses:
  Healthcare-Associated Infections

  Key Measures:
    - CLABSI (ICU + select Wards): 1.24 Ratio (Observed/Predicted Cases)
      Cohort Mean: 0.55 | Lower is Better
    - CAUTI (ICU + select Wards): 0.54 Ratio (Observed/Predicted Cases)
      Cohort Mean: 0.50 | Lower is Better

Narrative:",Development
190274,OCHSNER MEDICAL CENTER-KENNER,Clinical,1,"Facility: OCHSNER MEDICAL CENTER-KENNER

Strengths:
  Patient Survey
  Relative Performance: 0.39 SD from cohort

  Key Measures:
    - Discharge information: 5.00 Stars
      Cohort Mean: 3.10 | Higher is Better
    - Communication about medicines: 3.00 Stars
      Cohort Mean: 2.25 | Higher is Better

Weaknesses:
  Healthcare-Associated Infections

  Key Measures:
    - CLABSI (ICU + select Wards): 1.24 Ratio (Observed/Predicted Cases)
      Cohort Mean: 0.55 | Lower is Better
    - CAUTI (ICU + select Wards): 0.54 Ratio (Observed/Predicted Cases)
      Cohort Mean: 0.50 | Lower is Better","Context:
  Healthcare-Associated Infections
    - CLABSI (ICU + select Wards): 1748.0 Device Days
    - CLABSI (ICU + select Wards): 2.0 Cases","Rewrite the hospital information for healthcare professionals. Use appropriate clinical terminology, retain measure-specific detail, and report quantitative comparisons precisely. Do not infer causation or statistical significance. Use contextual measures only as supporting information, not as indicators of performance. Use only the evidence provided.

Performance Evidence:
Facility: OCHSNER MEDICAL CENTER-KENNER

Strengths:
  Patient Survey
  Relative Performance: 0.39 SD from cohort

  Key Measures:
    - Discharge information: 5.00 Stars
      Cohort Mean: 3.10 | Higher is Better
    - Communication about medicines: 3.00 Stars
      Cohort Mean: 2.25 | Higher is Better

Weaknesses:
  Healthcare-Associated Infections

  Key Measures:
    - CLABSI (ICU + select Wards): 1.24 Ratio (Observed/Predicted Cases)
      Cohort Mean: 0.55 | Lower is Better
    - CAUTI (ICU + select Wards): 0.54 Ratio (Observed/Predicted Cases)
      Cohort Mean: 0.50 | Lower is Better

Supporting Context:
Context:
  Healthcare-Associated Infections
    - CLABSI (ICU + select Wards): 1748.0 Device Days
    - CLABSI (ICU + select Wards): 2.0 Cases

Narrative:",Development
190274,OCHSNER MEDICAL CENTER-KENNER,Community Report,1,"Facility: OCHSNER MEDICAL CENTER-KENNER

Strengths:
  Patient Survey
  Relative Performance: 0.39 SD from cohort

  Key Measures:
    - Discharge information: 5.00 Stars
      Cohort Mean: 3.10 | Higher is Better
    - Communication about medicines: 3.00 Stars
      Cohort Mean: 2.25 | Higher is Better

Weaknesses:
  Healthcare-Associated Infections

  Key Measures:
    - CLABSI (ICU + select Wards): 1.24 Ratio (Observed/Predicted Cases)
      Cohort Mean: 0.55 | Lower is Better
    - CAUTI (ICU + select Wards): 0.54 Ratio (Observed/Predicted Cases)
      Cohort Mean: 0.50 | Lower is Better",,"Rewrite the hospital information for a public community report. Use accessible, neutral language and explain the main strengths and weaknesses without technical detail. Preserve all important numerical facts. Use contextual measures only as supporting information, not as indicators of performance. Use only the evidence provided.

Performance Evidence:
Facility: OCHSNER MEDICAL CENTER-KENNER

Strengths:
  Patient Survey
  Relative Performance: 0.39 SD from cohort

  Key Measures:
    - Discharge information: 5.00 Stars
      Cohort Mean: 3.10 | Higher is Better
    - Communication about medicines: 3.00 Stars
      Cohort Mean: 2.25 | Higher is Better

Weaknesses:
  Healthcare-Associated Infections

  Key Measures:
    - CLABSI (ICU + select Wards): 1.24 Ratio (Observed/Predicted Cases)
      Cohort Mean: 0.55 | Lower is Better
    - CAUTI (ICU + select Wards): 0.54 Ratio (Observed/Predicted Cases)
      Cohort Mean: 0.50 | Lower is Better

Narrative:",Development
380050,SKY LAKES MEDICAL CENTER,Patient Friendly,1,"Facility: SKY LAKES MEDICAL CENTER

Strengths:
  Healthcare-Associated Infections
  Overall: No Different than National Benchmark
  Relative Performance: 0.70 SD from cohort

  Key Measures:
    - SSI (Colon Surgery): 0.00 Ratio (Observed/Predicted Cases)
      Cohort Mean: 0.83 | Lower is Better
    - CLABSI (ICU + select Wards): 0.00 Ratio (Observed/Predicted Cases)
      Cohort Mean: 0.55 | Lower is Better

Weaknesses:
  Timely and Effective Care

  Key Measures:
    - Septic Shock 6-Hour Bundle: 27.00 Percent
      Cohort Mean: 85.81 | Higher is Better
    - Septic Shock 3-Hour Bundle: 42.00 Percent
      Cohort Mean: 71.21 | Higher is Better",,"Rewrite the hospital information for a patient with no healthcare background. Use plain everyday language, short sentences, and explain unfamiliar terms simply. Preserve all numbers, comparisons, and performance meaning. Use contextual measures only as supporting information, not as indicators of performance. Use only the evidence provided.

Performance Evidence:
Facility: SKY LAKES MEDICAL CENTER

Strengths:
  Healthcare-Associated Infections
  Overall: No Different than National Benchmark
  Relative Performance: 0.70 SD from cohort

  Key Measures:
    - SSI (Colon Surgery): 0.00 Ratio (Observed/Predicted Cases)
      Cohort Mean: 0.83 | Lower is Better
    - CLABSI (ICU + select Wards): 0.00 Ratio (Observed/Predicted Cases)
      Cohort Mean: 0.55 | Lower is Better

Weaknesses:
  Timely and Effective Care

  Key Measures:
    - Septic Shock 6-Hour Bundle: 27.00 Percent
      Cohort Mean: 85.81 | Higher is Better
    - Septic Shock 3-Hour Bundle: 42.00 Percent
      Cohort Mean: 71.21 | Higher is Better

Narrative:",Development
380050,SKY LAKES MEDICAL CENTER,Executive Summary,1,"Facility: SKY LAKES MEDICAL CENTER

Strengths:
  Healthcare-Associated Infections
  Overall: No Different than National Benchmark
  Relative Performance: 0.70 SD from cohort

  Key Measures:
    - SSI (Colon Surgery): 0.00 Ratio (Observed/Predicted Cases)
      Cohort Mean: 0.83 | Lower is Better
    - CLABSI (ICU + select Wards): 0.00 Ratio (Observed/Predicted Cases)
      Cohort Mean: 0.55 | Lower is Better

Weaknesses:
  Timely and Effective Care

  Key Measures:
    - Septic Shock 6-Hour Bundle: 27.00 Percent
      Cohort Mean: 85.81 | Higher is Better
    - Septic Shock 3-Hour Bundle: 42.00 Percent
      Cohort Mean: 71.21 | Higher is Better",,"Rewrite the hospital information as a concise executive briefing for hospital leadership. Prioritize the strongest domain, major risks, and the most important benchmark comparisons. Preserve all quantitative evidence. Use contextual measures only as supporting information, not as indicators of performance. Use only the evidence provided.

Performance Evidence:
Facility: SKY LAKES MEDICAL CENTER

Strengths:
  Healthcare-Associated Infections
  Overall: No Different than National Benchmark
  Relative Performance: 0.70 SD from cohort

  Key Measures:
    - SSI (Colon Surgery): 0.00 Ratio (Observed/Predicted Cases)
      Cohort Mean: 0.83 | Lower is Better
    - CLABSI (ICU + select Wards): 0.00 Ratio (Observed/Predicted Cases)
      Cohort Mean: 0.55 | Lower is Better

Weaknesses:
  Timely and Effective Care

  Key Measures:
    - Septic Shock 6-Hour Bundle: 27.00 Percent
      Cohort Mean: 85.81 | Higher is Better
    - Septic Shock 3-Hour Bundle: 42.00 Percent
      Cohort Mean: 71.21 | Higher is Better

Narrative:",Development
380050,SKY LAKES MEDICAL CENTER,Clinical,1,"Facility: SKY LAKES MEDICAL CENTER

Strengths:
  Healthcare-Associated Infections
  Overall: No Different than National Benchmark
  Relative Performance: 1.07 SD from cohort

  Key Measures:
    - CLABSI (ICU + select Wards): 0.00 Ratio (Observed/Predicted Cases)
      Cohort Mean: 0.55 | Lower is Better
    - CAUTI (ICU + select Wards): 0.00 Ratio (Observed/Predicted Cases)
      Cohort Mean: 0.50 | Lower is Better

Weaknesses:
  Timely and Effective Care

  Key Measures:
    - Septic Shock 6-Hour Bundle: 27.00 Percent
      Cohort Mean: 85.81 | Higher is Better
    - Septic Shock 3-Hour Bundle: 42.00 Percent
      Cohort Mean: 71.21 | Higher is Better","Context:
  Healthcare-Associated Infections
    - CLABSI (ICU + select Wards): 2555.0 Device Days
    - CLABSI (ICU + select Wards): 0.0 Cases","Rewrite the hospital information for healthcare professionals. Use appropriate clinical terminology, retain measure-specific detail, and report quantitative comparisons precisely. Do not infer causation or statistical significance. Use contextual measures only as supporting information, not as indicators of performance. Use only the evidence provided.

Performance Evidence:
Facility: SKY LAKES MEDICAL CENTER

Strengths:
  Healthcare-Associated Infections
  Overall: No Different than National Benchmark
  Relative Performance: 1.07 SD from cohort

  Key Measures:
    - CLABSI (ICU + select Wards): 0.00 Ratio (Observed/Predicted Cases)
      Cohort Mean: 0.55 | Lower is Better
    - CAUTI (ICU + select Wards): 0.00 Ratio (Observed/Predicted Cases)
      Cohort Mean: 0.50 | Lower is Better

Weaknesses:
  Timely and Effective Care

  Key Measures:
    - Septic Shock 6-Hour Bundle: 27.00 Percent
      Cohort Mean: 85.81 | Higher is Better
    - Septic Shock 3-Hour Bundle: 42.00 Percent
      Cohort Mean: 71.21 | Higher is Better

Supporting Context:
Context:
  Healthcare-Associated Infections
    - CLABSI (ICU + select Wards): 2555.0 Device Days
    - CLABSI (ICU + select Wards): 0.0 Cases

Narrative:",Development
380050,SKY LAKES MEDICAL CENTER,Community Report,1,"Facility: SKY LAKES MEDICAL CENTER

Strengths:
  Healthcare-Associated Infections
  Overall: No Different than National Benchmark
  Relative Performance: 0.70 SD from cohort

  Key Measures:
    - SSI (Colon Surgery): 0.00 Ratio (Observed/Predicted Cases)
      Cohort Mean: 0.83 | Lower is Better
    - CLABSI (ICU + select Wards): 0.00 Ratio (Observed/Predicted Cases)
      Cohort Mean: 0.55 | Lower is Better

Weaknesses:
  Timely and Effective Care

  Key Measures:
    - Septic Shock 6-Hour Bundle: 27.00 Percent
      Cohort Mean: 85.81 | Higher is Better
    - Septic Shock 3-Hour Bundle: 42.00 Percent
      Cohort Mean: 71.21 | Higher is Better",,"Rewrite the hospital information for a public community report. Use accessible, neutral language and explain the main strengths and weaknesses without technical detail. Preserve all important numerical facts. Use contextual measures only as supporting information, not as indicators of performance. Use only the evidence provided.

Performance Evidence:
Facility: SKY LAKES MEDICAL CENTER

Strengths:
  Healthcare-Associated Infections
  Overall: No Different than National Benchmark
  Relative Performance: 0.70 SD from cohort

  Key Measures:
    - SSI (Colon Surgery): 0.00 Ratio (Observed/Predicted Cases)
      Cohort Mean: 0.83 | Lower is Better
    - CLABSI (ICU + select Wards): 0.00 Ratio (Observed/Predicted Cases)
      Cohort Mean: 0.55 | Lower is Better

Weaknesses:
  Timely and Effective Care

  Key Measures:
    - Septic Shock 6-Hour Bundle: 27.00 Percent
      Cohort Mean: 85.81 | Higher is Better
    - Septic Shock 3-Hour Bundle: 42.00 Percent
      Cohort Mean: 71.21 | Higher is Better

Narrative:",Development
190026,RAPIDES REGIONAL MEDICAL CENTER,Patient Friendly,1,"Facility: RAPIDES REGIONAL MEDICAL CENTER

Strengths:
  Timely and Effective Care
  Relative Performance: 0.42 SD from cohort

  Key Measures:
    - ED Time - All Patients: 137.00 Minutes
      Cohort Mean: 196.20 | Lower is Better
    - ED Time - General Patients: 134.00 Minutes
      Cohort Mean: 191.65 | Lower is Better

Weaknesses:
  Patient Survey

  Key Measures:
    - Discharge information: 1.00 Stars
      Cohort Mean: 3.10 | Higher is Better
    - Doctor communication: 2.00 Stars
      Cohort Mean: 2.97 | Higher is Better",,"Rewrite the hospital information for a patient with no healthcare background. Use plain everyday language, short sentences, and explain unfamiliar terms simply. Preserve all numbers, comparisons, and performance meaning. Use contextual measures only as supporting information, not as indicators of performance. Use only the evidence provided.

Performance Evidence:
Facility: RAPIDES REGIONAL MEDICAL CENTER

Strengths:
  Timely and Effective Care
  Relative Performance: 0.42 SD from cohort

  Key Measures:
    - ED Time - All Patients: 137.00 Minutes
      Cohort Mean: 196.20 | Lower is Better
    - ED Time - General Patients: 134.00 Minutes
      Cohort Mean: 191.65 | Lower is Better

Weaknesses:
  Patient Survey

  Key Measures:
    - Discharge information: 1.00 Stars
      Cohort Mean: 3.10 | Higher is Better
    - Doctor communication: 2.00 Stars
      Cohort Mean: 2.97 | Higher is Better

Narrative:",Development
190026,RAPIDES REGIONAL MEDICAL CENTER,Executive Summary,1,"Facility: RAPIDES REGIONAL MEDICAL CENTER

Strengths:
  Timely and Effective Care
  Relative Performance: 0.42 SD from cohort

  Key Measures:
    - ED Time - All Patients: 137.00 Minutes
      Cohort Mean: 196.20 | Lower is Better
    - ED Time - General Patients: 134.00 Minutes
      Cohort Mean: 191.65 | Lower is Better

Weaknesses:
  Patient Survey

  Key Measures:
    - Discharge information: 1.00 Stars
      Cohort Mean: 3.10 | Higher is Better
    - Doctor communication: 2.00 Stars
      Cohort Mean: 2.97 | Higher is Better",,"Rewrite the hospital information as a concise executive briefing for hospital leadership. Prioritize the strongest domain, major risks, and the most important benchmark comparisons. Preserve all quantitative evidence. Use contextual measures only as supporting information, not as indicators of performance. Use only the evidence provided.

Performance Evidence:
Facility: RAPIDES REGIONAL MEDICAL CENTER

Strengths:
  Timely and Effective Care
  Relative Performance: 0.42 SD from cohort

  Key Measures:
    - ED Time - All Patients: 137.00 Minutes
      Cohort Mean: 196.20 | Lower is Better
    - ED Time - General Patients: 134.00 Minutes
      Cohort Mean: 191.65 | Lower is Better

Weaknesses:
  Patient Survey

  Key Measures:
    - Discharge information: 1.00 Stars
      Cohort Mean: 3.10 | Higher is Better
    - Doctor communication: 2.00 Stars
      Cohort Mean: 2.97 | Higher is Better

Narrative:",Development
190026,RAPIDES REGIONAL MEDICAL CENTER,Clinical,1,"Facility: RAPIDES REGIONAL MEDICAL CENTER

Strengths:
  Timely and Effective Care
  Relative Performance: 0.42 SD from cohort

  Key Measures:
    - ED Time - All Patients: 137.00 Minutes
      Cohort Mean: 196.20 | Lower is Better
    - ED Time - General Patients: 134.00 Minutes
      Cohort Mean: 191.65 | Lower is Better

Weaknesses:
  Healthcare-Associated Infections

  Key Measures:
    - CLABSI (ICU + select Wards): 2.10 Ratio (Observed/Predicted Cases)
      Cohort Mean: 0.55 | Lower is Better
    - CAUTI (ICU + select Wards): 0.58 Ratio (Observed/Predicted Cases)
      Cohort Mean: 0.50 | Lower is Better","Context:
  Healthcare-Associated Infections
    - CLABSI (ICU + select Wards): 7594.0 Device Days
    - CLABSI (ICU + select Wards): 17.0 Cases","Rewrite the hospital information for healthcare professionals. Use appropriate clinical terminology, retain measure-specific detail, and report quantitative comparisons precisely. Do not infer causation or statistical significance. Use contextual measures only as supporting information, not as indicators of performance. Use only the evidence provided.

Performance Evidence:
Facility: RAPIDES REGIONAL MEDICAL CENTER

Strengths:
  Timely and Effective Care
  Relative Performance: 0.42 SD from cohort

  Key Measures:
    - ED Time - All Patients: 137.00 Minutes
      Cohort Mean: 196.20 | Lower is Better
    - ED Time - General Patients: 134.00 Minutes
      Cohort Mean: 191.65 | Lower is Better

Weaknesses:
  Healthcare-Associated Infections

  Key Measures:
    - CLABSI (ICU + select Wards): 2.10 Ratio (Observed/Predicted Cases)
      Cohort Mean: 0.55 | Lower is Better
    - CAUTI (ICU + select Wards): 0.58 Ratio (Observed/Predicted Cases)
      Cohort Mean: 0.50 | Lower is Better

Supporting Context:
Context:
  Healthcare-Associated Infections
    - CLABSI (ICU + select Wards): 7594.0 Device Days
    - CLABSI (ICU + select Wards): 17.0 Cases

Narrative:",Development
190026,RAPIDES REGIONAL MEDICAL CENTER,Community Report,1,"Facility: RAPIDES REGIONAL MEDICAL CENTER

Strengths:
  Timely and Effective Care
  Relative Performance: 0.42 SD from cohort

  Key Measures:
    - ED Time - All Patients: 137.00 Minutes
      Cohort Mean: 196.20 | Lower is Better
    - ED Time - General Patients: 134.00 Minutes
      Cohort Mean: 191.65 | Lower is Better

Weaknesses:
  Patient Survey

  Key Measures:
    - Discharge information: 1.00 Stars
      Cohort Mean: 3.10 | Higher is Better
    - Doctor communication: 2.00 Stars
      Cohort Mean: 2.97 | Higher is Better",,"Rewrite the hospital information for a public community report. Use accessible, neutral language and explain the main strengths and weaknesses without technical detail. Preserve all important numerical facts. Use contextual measures only as supporting information, not as indicators of performance. Use only the evidence provided.

Performance Evidence:
Facility: RAPIDES REGIONAL MEDICAL CENTER

Strengths:
  Timely and Effective Care
  Relative Performance: 0.42 SD from cohort

  Key Measures:
    - ED Time - All Patients: 137.00 Minutes
      Cohort Mean: 196.20 | Lower is Better
    - ED Time - General Patients: 134.00 Minutes
      Cohort Mean: 191.65 | Lower is Better

Weaknesses:
  Patient Survey

  Key Measures:
    - Discharge information: 1.00 Stars
      Cohort Mean: 3.10 | Higher is Better
    - Doctor communication: 2.00 Stars
      Cohort Mean: 2.97 | Higher is Better

Narrative:",Development
030023,FLAGSTAFF MEDICAL CENTER,Patient Friendly,1,"Facility: FLAGSTAFF MEDICAL CENTER

Strengths:
  Healthcare-Associated Infections
  Overall: Better than the National Benchmark
  Relative Performance: 0.86 SD from cohort

  Key Measures:
    - SSI (Colon Surgery): 0.00 Ratio (Observed/Predicted Cases)
      Cohort Mean: 0.83 | Lower is Better
    - CLABSI (ICU + select Wards): 0.00 Ratio (Observed/Predicted Cases)
      Cohort Mean: 0.55 | Lower is Better

Weaknesses:
  Patient Survey

  Key Measures:
    - Cleanliness: 2.00 Stars
      Cohort Mean: 3.00 | Higher is Better
    - Discharge information: 3.00 Stars
      Cohort Mean: 3.10 | Higher is Better",,"Rewrite the hospital information for a patient with no healthcare background. Use plain everyday language, short sentences, and explain unfamiliar terms simply. Preserve all numbers, comparisons, and performance meaning. Use contextual measures only as supporting information, not as indicators of performance. Use only the evidence provided.

Performance Evidence:
Facility: FLAGSTAFF MEDICAL CENTER

Strengths:
  Healthcare-Associated Infections
  Overall: Better than the National Benchmark
  Relative Performance: 0.86 SD from cohort

  Key Measures:
    - SSI (Colon Surgery): 0.00 Ratio (Observed/Predicted Cases)
      Cohort Mean: 0.83 | Lower is Better
    - CLABSI (ICU + select Wards): 0.00 Ratio (Observed/Predicted Cases)
      Cohort Mean: 0.55 | Lower is Better

Weaknesses:
  Patient Survey

  Key Measures:
    - Cleanliness: 2.00 Stars
      Cohort Mean: 3.00 | Higher is Better
    - Discharge information: 3.00 Stars
      Cohort Mean: 3.10 | Higher is Better

Narrative:",Testing
030023,FLAGSTAFF MEDICAL CENTER,Executive Summary,1,"Facility: FLAGSTAFF MEDICAL CENTER

Strengths:
  Healthcare-Associated Infections
  Overall: Better than the National Benchmark
  Relative Performance: 0.86 SD from cohort

  Key Measures:
    - SSI (Colon Surgery): 0.00 Ratio (Observed/Predicted Cases)
      Cohort Mean: 0.83 | Lower is Better
    - CLABSI (ICU + select Wards): 0.00 Ratio (Observed/Predicted Cases)
      Cohort Mean: 0.55 | Lower is Better

Weaknesses:
  Patient Survey

  Key Measures:
    - Cleanliness: 2.00 Stars
      Cohort Mean: 3.00 | Higher is Better
    - Discharge information: 3.00 Stars
      Cohort Mean: 3.10 | Higher is Better",,"Rewrite the hospital information as a concise executive briefing for hospital leadership. Prioritize the strongest domain, major risks, and the most important benchmark comparisons. Preserve all quantitative evidence. Use contextual measures only as supporting information, not as indicators of performance. Use only the evidence provided.

Performance Evidence:
Facility: FLAGSTAFF MEDICAL CENTER

Strengths:
  Healthcare-Associated Infections
  Overall: Better than the National Benchmark
  Relative Performance: 0.86 SD from cohort

  Key Measures:
    - SSI (Colon Surgery): 0.00 Ratio (Observed/Predicted Cases)
      Cohort Mean: 0.83 | Lower is Better
    - CLABSI (ICU + select Wards): 0.00 Ratio (Observed/Predicted Cases)
      Cohort Mean: 0.55 | Lower is Better

Weaknesses:
  Patient Survey

  Key Measures:
    - Cleanliness: 2.00 Stars
      Cohort Mean: 3.00 | Higher is Better
    - Discharge information: 3.00 Stars
      Cohort Mean: 3.10 | Higher is Better

Narrative:",Testing
030023,FLAGSTAFF MEDICAL CENTER,Clinical,1,"Facility: FLAGSTAFF MEDICAL CENTER

Strengths:
  Healthcare-Associated Infections
  Overall: Better than the National Benchmark
  Relative Performance: 0.93 SD from cohort

  Key Measures:
    - CLABSI (ICU + select Wards): 0.00 Ratio (Observed/Predicted Cases)
      Cohort Mean: 0.55 | Lower is Better
    - CAUTI (ICU + select Wards): 0.12 Ratio (Observed/Predicted Cases)
      Cohort Mean: 0.50 | Lower is Better

Weaknesses:
  Patient Survey

  Key Measures:
    - Cleanliness: 2.00 Stars
      Cohort Mean: 3.00 | Higher is Better
    - Discharge information: 3.00 Stars
      Cohort Mean: 3.10 | Higher is Better","Context:
  Healthcare-Associated Infections
    - CLABSI (ICU + select Wards): 5851.0 Device Days
    - CLABSI (ICU + select Wards): 0.0 Cases","Rewrite the hospital information for healthcare professionals. Use appropriate clinical terminology, retain measure-specific detail, and report quantitative comparisons precisely. Do not infer causation or statistical significance. Use contextual measures only as supporting information, not as indicators of performance. Use only the evidence provided.

Performance Evidence:
Facility: FLAGSTAFF MEDICAL CENTER

Strengths:
  Healthcare-Associated Infections
  Overall: Better than the National Benchmark
  Relative Performance: 0.93 SD from cohort

  Key Measures:
    - CLABSI (ICU + select Wards): 0.00 Ratio (Observed/Predicted Cases)
      Cohort Mean: 0.55 | Lower is Better
    - CAUTI (ICU + select Wards): 0.12 Ratio (Observed/Predicted Cases)
      Cohort Mean: 0.50 | Lower is Better

Weaknesses:
  Patient Survey

  Key Measures:
    - Cleanliness: 2.00 Stars
      Cohort Mean: 3.00 | Higher is Better
    - Discharge information: 3.00 Stars
      Cohort Mean: 3.10 | Higher is Better

Supporting Context:
Context:
  Healthcare-Associated Infections
    - CLABSI (ICU + select Wards): 5851.0 Device Days
    - CLABSI (ICU + select Wards): 0.0 Cases

Narrative:",Testing
030023,FLAGSTAFF MEDICAL CENTER,Community Report,1,"Facility: FLAGSTAFF MEDICAL CENTER

Strengths:
  Healthcare-Associated Infections
  Overall: Better than the National Benchmark
  Relative Performance: 0.86 SD from cohort

  Key Measures:
    - SSI (Colon Surgery): 0.00 Ratio (Observed/Predicted Cases)
      Cohort Mean: 0.83 | Lower is Better
    - CLABSI (ICU + select Wards): 0.00 Ratio (Observed/Predicted Cases)
      Cohort Mean: 0.55 | Lower is Better

Weaknesses:
  Patient Survey

  Key Measures:
    - Cleanliness: 2.00 Stars
      Cohort Mean: 3.00 | Higher is Better
    - Discharge information: 3.00 Stars
      Cohort Mean: 3.10 | Higher is Better",,"Rewrite the hospital information for a public community report. Use accessible, neutral language and explain the main strengths and weaknesses without technical detail. Preserve all important numerical facts. Use contextual measures only as supporting information, not as indicators of performance. Use only the evidence provided.

Performance Evidence:
Facility: FLAGSTAFF MEDICAL CENTER

Strengths:
  Healthcare-Associated Infections
  Overall: Better than the National Benchmark
  Relative Performance: 0.86 SD from cohort

  Key Measures:
    - SSI (Colon Surgery): 0.00 Ratio (Observed/Predicted Cases)
      Cohort Mean: 0.83 | Lower is Better
    - CLABSI (ICU + select Wards): 0.00 Ratio (Observed/Predicted Cases)
      Cohort Mean: 0.55 | Lower is Better

Weaknesses:
  Patient Survey

  Key Measures:
    - Cleanliness: 2.00 Stars
      Cohort Mean: 3.00 | Higher is Better
    - Discharge information: 3.00 Stars
      Cohort Mean: 3.10 | Higher is Better

Narrative:",Testing
140065,UCHICAGO MEDICINE ADVENTHEALTH LA GRANGE,Patient Friendly,1,"Facility: UCHICAGO MEDICINE ADVENTHEALTH LA GRANGE

Strengths:
  Patient Survey
  Relative Performance: 1.11 SD from cohort

  Key Measures:
    - Communication about medicines: 4.00 Stars
      Cohort Mean: 2.25 | Higher is Better
    - Quietness: 4.00 Stars
      Cohort Mean: 2.78 | Higher is Better

Weaknesses:
  Healthcare-Associated Infections

  Key Measures:
    - Clostridium Difficile: 0.92 Ratio (Observed/Predicted Cases)
      Cohort Mean: 0.34 | Lower is Better
    - CAUTI (ICU + select Wards): 0.00 Ratio (Observed/Predicted Cases)
      Cohort Mean: 0.50 | Lower is Better",,"Rewrite the hospital information for a patient with no healthcare background. Use plain everyday language, short sentences, and explain unfamiliar terms simply. Preserve all numbers, comparisons, and performance meaning. Use contextual measures only as supporting information, not as indicators of performance. Use only the evidence provided.

Performance Evidence:
Facility: UCHICAGO MEDICINE ADVENTHEALTH LA GRANGE

Strengths:
  Patient Survey
  Relative Performance: 1.11 SD from cohort

  Key Measures:
    - Communication about medicines: 4.00 Stars
      Cohort Mean: 2.25 | Higher is Better
    - Quietness: 4.00 Stars
      Cohort Mean: 2.78 | Higher is Better

Weaknesses:
  Healthcare-Associated Infections

  Key Measures:
    - Clostridium Difficile: 0.92 Ratio (Observed/Predicted Cases)
      Cohort Mean: 0.34 | Lower is Better
    - CAUTI (ICU + select Wards): 0.00 Ratio (Observed/Predicted Cases)
      Cohort Mean: 0.50 | Lower is Better

Narrative:",Testing
140065,UCHICAGO MEDICINE ADVENTHEALTH LA GRANGE,Executive Summary,1,"Facility: UCHICAGO MEDICINE ADVENTHEALTH LA GRANGE

Strengths:
  Patient Survey
  Relative Performance: 1.11 SD from cohort

  Key Measures:
    - Communication about medicines: 4.00 Stars
      Cohort Mean: 2.25 | Higher is Better
    - Quietness: 4.00 Stars
      Cohort Mean: 2.78 | Higher is Better

Weaknesses:
  Healthcare-Associated Infections

  Key Measures:
    - Clostridium Difficile: 0.92 Ratio (Observed/Predicted Cases)
      Cohort Mean: 0.34 | Lower is Better
    - CAUTI (ICU + select Wards): 0.00 Ratio (Observed/Predicted Cases)
      Cohort Mean: 0.50 | Lower is Better",,"Rewrite the hospital information as a concise executive briefing for hospital leadership. Prioritize the strongest domain, major risks, and the most important benchmark comparisons. Preserve all quantitative evidence. Use contextual measures only as supporting information, not as indicators of performance. Use only the evidence provided.

Performance Evidence:
Facility: UCHICAGO MEDICINE ADVENTHEALTH LA GRANGE

Strengths:
  Patient Survey
  Relative Performance: 1.11 SD from cohort

  Key Measures:
    - Communication about medicines: 4.00 Stars
      Cohort Mean: 2.25 | Higher is Better
    - Quietness: 4.00 Stars
      Cohort Mean: 2.78 | Higher is Better

Weaknesses:
  Healthcare-Associated Infections

  Key Measures:
    - Clostridium Difficile: 0.92 Ratio (Observed/Predicted Cases)
      Cohort Mean: 0.34 | Lower is Better
    - CAUTI (ICU + select Wards): 0.00 Ratio (Observed/Predicted Cases)
      Cohort Mean: 0.50 | Lower is Better

Narrative:",Testing
140065,UCHICAGO MEDICINE ADVENTHEALTH LA GRANGE,Clinical,1,"Facility: UCHICAGO MEDICINE ADVENTHEALTH LA GRANGE

Strengths:
  Patient Survey
  Relative Performance: 1.11 SD from cohort

  Key Measures:
    - Communication about medicines: 4.00 Stars
      Cohort Mean: 2.25 | Higher is Better
    - Quietness: 4.00 Stars
      Cohort Mean: 2.78 | Higher is Better

Weaknesses:
  Timely and Effective Care

  Key Measures:
    - Septic Shock 3-Hour Bundle: 77.00 Percent
      Cohort Mean: 71.21 | Higher is Better
    - Septic Shock 6-Hour Bundle: 91.00 Percent
      Cohort Mean: 85.81 | Higher is Better","Context:
  Healthcare-Associated Infections
    - CLABSI (ICU + select Wards): 2540.0 Device Days
    - CLABSI (ICU + select Wards): 0.0 Cases","Rewrite the hospital information for healthcare professionals. Use appropriate clinical terminology, retain measure-specific detail, and report quantitative comparisons precisely. Do not infer causation or statistical significance. Use contextual measures only as supporting information, not as indicators of performance. Use only the evidence provided.

Performance Evidence:
Facility: UCHICAGO MEDICINE ADVENTHEALTH LA GRANGE

Strengths:
  Patient Survey
  Relative Performance: 1.11 SD from cohort

  Key Measures:
    - Communication about medicines: 4.00 Stars
      Cohort Mean: 2.25 | Higher is Better
    - Quietness: 4.00 Stars
      Cohort Mean: 2.78 | Higher is Better

Weaknesses:
  Timely and Effective Care

  Key Measures:
    - Septic Shock 3-Hour Bundle: 77.00 Percent
      Cohort Mean: 71.21 | Higher is Better
    - Septic Shock 6-Hour Bundle: 91.00 Percent
      Cohort Mean: 85.81 | Higher is Better

Supporting Context:
Context:
  Healthcare-Associated Infections
    - CLABSI (ICU + select Wards): 2540.0 Device Days
    - CLABSI (ICU + select Wards): 0.0 Cases

Narrative:",Testing
140065,UCHICAGO MEDICINE ADVENTHEALTH LA GRANGE,Community Report,1,"Facility: UCHICAGO MEDICINE ADVENTHEALTH LA GRANGE

Strengths:
  Patient Survey
  Relative Performance: 1.11 SD from cohort

  Key Measures:
    - Communication about medicines: 4.00 Stars
      Cohort Mean: 2.25 | Higher is Better
    - Quietness: 4.00 Stars
      Cohort Mean: 2.78 | Higher is Better

Weaknesses:
  Healthcare-Associated Infections

  Key Measures:
    - Clostridium Difficile: 0.92 Ratio (Observed/Predicted Cases)
      Cohort Mean: 0.34 | Lower is Better
    - CAUTI (ICU + select Wards): 0.00 Ratio (Observed/Predicted Cases)
      Cohort Mean: 0.50 | Lower is Better",,"Rewrite the hospital information for a public community report. Use accessible, neutral language and explain the main strengths and weaknesses without technical detail. Preserve all important numerical facts. Use contextual measures only as supporting information, not as indicators of performance. Use only the evidence provided.

Performance Evidence:
Facility: UCHICAGO MEDICINE ADVENTHEALTH LA GRANGE

Strengths:
  Patient Survey
  Relative Performance: 1.11 SD from cohort

  Key Measures:
    - Communication about medicines: 4.00 Stars
      Cohort Mean: 2.25 | Higher is Better
    - Quietness: 4.00 Stars
      Cohort Mean: 2.78 | Higher is Better

Weaknesses:
  Healthcare-Associated Infections

  Key Measures:
    - Clostridium Difficile: 0.92 Ratio (Observed/Predicted Cases)
      Cohort Mean: 0.34 | Lower is Better
    - CAUTI (ICU + select Wards): 0.00 Ratio (Observed/Predicted Cases)
      Cohort Mean: 0.50 | Lower is Better

Narrative:",Testing
450058,BAPTIST MEDICAL CENTER,Patient Friendly,1,"Facility: BAPTIST MEDICAL CENTER

Strengths:
  Healthcare-Associated Infections
  Overall: Better than the National Benchmark
  Relative Performance: 0.57 SD from cohort

  Key Measures:
    - Clostridium Difficile: 0.15 Ratio (Observed/Predicted Cases)
      Cohort Mean: 0.34 | Lower is Better
    - SSI (Colon Surgery): 0.33 Ratio (Observed/Predicted Cases)
      Cohort Mean: 0.83 | Lower is Better

Weaknesses:
  Patient Survey

  Key Measures:
    - Doctor communication: 2.00 Stars
      Cohort Mean: 2.97 | Higher is Better
    - Recommend hospital: 2.00 Stars
      Cohort Mean: 3.41 | Higher is Better",,"Rewrite the hospital information for a patient with no healthcare background. Use plain everyday language, short sentences, and explain unfamiliar terms simply. Preserve all numbers, comparisons, and performance meaning. Use contextual measures only as supporting information, not as indicators of performance. Use only the evidence provided.

Performance Evidence:
Facility: BAPTIST MEDICAL CENTER

Strengths:
  Healthcare-Associated Infections
  Overall: Better than the National Benchmark
  Relative Performance: 0.57 SD from cohort

  Key Measures:
    - Clostridium Difficile: 0.15 Ratio (Observed/Predicted Cases)
      Cohort Mean: 0.34 | Lower is Better
    - SSI (Colon Surgery): 0.33 Ratio (Observed/Predicted Cases)
      Cohort Mean: 0.83 | Lower is Better

Weaknesses:
  Patient Survey

  Key Measures:
    - Doctor communication: 2.00 Stars
      Cohort Mean: 2.97 | Higher is Better
    - Recommend hospital: 2.00 Stars
      Cohort Mean: 3.41 | Higher is Better

Narrative:",Testing
450058,BAPTIST MEDICAL CENTER,Executive Summary,1,"Facility: BAPTIST MEDICAL CENTER

Strengths:
  Healthcare-Associated Infections
  Overall: Better than the National Benchmark
  Relative Performance: 0.57 SD from cohort

  Key Measures:
    - Clostridium Difficile: 0.15 Ratio (Observed/Predicted Cases)
      Cohort Mean: 0.34 | Lower is Better
    - SSI (Colon Surgery): 0.33 Ratio (Observed/Predicted Cases)
      Cohort Mean: 0.83 | Lower is Better

Weaknesses:
  Patient Survey

  Key Measures:
    - Doctor communication: 2.00 Stars
      Cohort Mean: 2.97 | Higher is Better
    - Recommend hospital: 2.00 Stars
      Cohort Mean: 3.41 | Higher is Better",,"Rewrite the hospital information as a concise executive briefing for hospital leadership. Prioritize the strongest domain, major risks, and the most important benchmark comparisons. Preserve all quantitative evidence. Use contextual measures only as supporting information, not as indicators of performance. Use only the evidence provided.

Performance Evidence:
Facility: BAPTIST MEDICAL CENTER

Strengths:
  Healthcare-Associated Infections
  Overall: Better than the National Benchmark
  Relative Performance: 0.57 SD from cohort

  Key Measures:
    - Clostridium Difficile: 0.15 Ratio (Observed/Predicted Cases)
      Cohort Mean: 0.34 | Lower is Better
    - SSI (Colon Surgery): 0.33 Ratio (Observed/Predicted Cases)
      Cohort Mean: 0.83 | Lower is Better

Weaknesses:
  Patient Survey

  Key Measures:
    - Doctor communication: 2.00 Stars
      Cohort Mean: 2.97 | Higher is Better
    - Recommend hospital: 2.00 Stars
      Cohort Mean: 3.41 | Higher is Better

Narrative:",Testing
450058,BAPTIST MEDICAL CENTER,Clinical,1,"Facility: BAPTIST MEDICAL CENTER

Strengths:
  Healthcare-Associated Infections
  Overall: Better than the National Benchmark
  Relative Performance: 0.52 SD from cohort

  Key Measures:
    - CLABSI (ICU + select Wards): 0.24 Ratio (Observed/Predicted Cases)
      Cohort Mean: 0.55 | Lower is Better
    - CAUTI (ICU + select Wards): 0.31 Ratio (Observed/Predicted Cases)
      Cohort Mean: 0.50 | Lower is Better

Weaknesses:
  Patient Survey

  Key Measures:
    - Doctor communication: 2.00 Stars
      Cohort Mean: 2.97 | Higher is Better
    - Recommend hospital: 2.00 Stars
      Cohort Mean: 3.41 | Higher is Better","Context:
  Healthcare-Associated Infections
    - CLABSI (ICU + select Wards): 23110.0 Device Days
    - CLABSI (ICU + select Wards): 5.0 Cases","Rewrite the hospital information for healthcare professionals. Use appropriate clinical terminology, retain measure-specific detail, and report quantitative comparisons precisely. Do not infer causation or statistical significance. Use contextual measures only as supporting information, not as indicators of performance. Use only the evidence provided.

Performance Evidence:
Facility: BAPTIST MEDICAL CENTER

Strengths:
  Healthcare-Associated Infections
  Overall: Better than the National Benchmark
  Relative Performance: 0.52 SD from cohort

  Key Measures:
    - CLABSI (ICU + select Wards): 0.24 Ratio (Observed/Predicted Cases)
      Cohort Mean: 0.55 | Lower is Better
    - CAUTI (ICU + select Wards): 0.31 Ratio (Observed/Predicted Cases)
      Cohort Mean: 0.50 | Lower is Better

Weaknesses:
  Patient Survey

  Key Measures:
    - Doctor communication: 2.00 Stars
      Cohort Mean: 2.97 | Higher is Better
    - Recommend hospital: 2.00 Stars
      Cohort Mean: 3.41 | Higher is Better

Supporting Context:
Context:
  Healthcare-Associated Infections
    - CLABSI (ICU + select Wards): 23110.0 Device Days
    - CLABSI (ICU + select Wards): 5.0 Cases

Narrative:",Testing
450058,BAPTIST MEDICAL CENTER,Community Report,1,"Facility: BAPTIST MEDICAL CENTER

Strengths:
  Healthcare-Associated Infections
  Overall: Better than the National Benchmark
  Relative Performance: 0.57 SD from cohort

  Key Measures:
    - Clostridium Difficile: 0.15 Ratio (Observed/Predicted Cases)
      Cohort Mean: 0.34 | Lower is Better
    - SSI (Colon Surgery): 0.33 Ratio (Observed/Predicted Cases)
      Cohort Mean: 0.83 | Lower is Better

Weaknesses:
  Patient Survey

  Key Measures:
    - Doctor communication: 2.00 Stars
      Cohort Mean: 2.97 | Higher is Better
    - Recommend hospital: 2.00 Stars
      Cohort Mean: 3.41 | Higher is Better",,"Rewrite the hospital information for a public community report. Use accessible, neutral language and explain the main strengths and weaknesses without technical detail. Preserve all important numerical facts. Use contextual measures only as supporting information, not as indicators of performance. Use only the evidence provided.

Performance Evidence:
Facility: BAPTIST MEDICAL CENTER

Strengths:
  Healthcare-Associated Infections
  Overall: Better than the National Benchmark
  Relative Performance: 0.57 SD from cohort

  Key Measures:
    - Clostridium Difficile: 0.15 Ratio (Observed/Predicted Cases)
      Cohort Mean: 0.34 | Lower is Better
    - SSI (Colon Surgery): 0.33 Ratio (Observed/Predicted Cases)
      Cohort Mean: 0.83 | Lower is Better

Weaknesses:
  Patient Survey

  Key Measures:
    - Doctor communication: 2.00 Stars
      Cohort Mean: 2.97 | Higher is Better
    - Recommend hospital: 2.00 Stars
      Cohort Mean: 3.41 | Higher is Better

Narrative:",Testing
050517,VICTOR VALLEY GLOBAL MEDICAL CENTER,Patient Friendly,1,"Facility: VICTOR VALLEY GLOBAL MEDICAL CENTER

Strengths:
  Healthcare-Associated Infections
  Overall: No Different than National Benchmark
  Relative Performance: -0.33 SD from cohort

  Key Measures:
    - CLABSI (ICU + select Wards): 0.00 Ratio (Observed/Predicted Cases)
      Cohort Mean: 0.55 | Lower is Better
    - CAUTI (ICU + select Wards): 0.39 Ratio (Observed/Predicted Cases)
      Cohort Mean: 0.50 | Lower is Better

Weaknesses:
  Patient Survey

  Key Measures:
    - Doctor communication: 1.00 Stars
      Cohort Mean: 2.97 | Higher is Better
    - Discharge information: 1.00 Stars
      Cohort Mean: 3.10 | Higher is Better",,"Rewrite the hospital information for a patient with no healthcare background. Use plain everyday language, short sentences, and explain unfamiliar terms simply. Preserve all numbers, comparisons, and performance meaning. Use contextual measures only as supporting information, not as indicators of performance. Use only the evidence provided.

Performance Evidence:
Facility: VICTOR VALLEY GLOBAL MEDICAL CENTER

Strengths:
  Healthcare-Associated Infections
  Overall: No Different than National Benchmark
  Relative Performance: -0.33 SD from cohort

  Key Measures:
    - CLABSI (ICU + select Wards): 0.00 Ratio (Observed/Predicted Cases)
      Cohort Mean: 0.55 | Lower is Better
    - CAUTI (ICU + select Wards): 0.39 Ratio (Observed/Predicted Cases)
      Cohort Mean: 0.50 | Lower is Better

Weaknesses:
  Patient Survey

  Key Measures:
    - Doctor communication: 1.00 Stars
      Cohort Mean: 2.97 | Higher is Better
    - Discharge information: 1.00 Stars
      Cohort Mean: 3.10 | Higher is Better

Narrative:",Testing
050517,VICTOR VALLEY GLOBAL MEDICAL CENTER,Executive Summary,1,"Facility: VICTOR VALLEY GLOBAL MEDICAL CENTER

Strengths:
  Healthcare-Associated Infections
  Overall: No Different than National Benchmark
  Relative Performance: -0.33 SD from cohort

  Key Measures:
    - CLABSI (ICU + select Wards): 0.00 Ratio (Observed/Predicted Cases)
      Cohort Mean: 0.55 | Lower is Better
    - CAUTI (ICU + select Wards): 0.39 Ratio (Observed/Predicted Cases)
      Cohort Mean: 0.50 | Lower is Better

Weaknesses:
  Patient Survey

  Key Measures:
    - Doctor communication: 1.00 Stars
      Cohort Mean: 2.97 | Higher is Better
    - Discharge information: 1.00 Stars
      Cohort Mean: 3.10 | Higher is Better",,"Rewrite the hospital information as a concise executive briefing for hospital leadership. Prioritize the strongest domain, major risks, and the most important benchmark comparisons. Preserve all quantitative evidence. Use contextual measures only as supporting information, not as indicators of performance. Use only the evidence provided.

Performance Evidence:
Facility: VICTOR VALLEY GLOBAL MEDICAL CENTER

Strengths:
  Healthcare-Associated Infections
  Overall: No Different than National Benchmark
  Relative Performance: -0.33 SD from cohort

  Key Measures:
    - CLABSI (ICU + select Wards): 0.00 Ratio (Observed/Predicted Cases)
      Cohort Mean: 0.55 | Lower is Better
    - CAUTI (ICU + select Wards): 0.39 Ratio (Observed/Predicted Cases)
      Cohort Mean: 0.50 | Lower is Better

Weaknesses:
  Patient Survey

  Key Measures:
    - Doctor communication: 1.00 Stars
      Cohort Mean: 2.97 | Higher is Better
    - Discharge information: 1.00 Stars
      Cohort Mean: 3.10 | Higher is Better

Narrative:",Testing
050517,VICTOR VALLEY GLOBAL MEDICAL CENTER,Clinical,1,"Facility: VICTOR VALLEY GLOBAL MEDICAL CENTER

Strengths:
  Healthcare-Associated Infections
  Overall: No Different than National Benchmark
  Relative Performance: 0.66 SD from cohort

  Key Measures:
    - CLABSI (ICU + select Wards): 0.00 Ratio (Observed/Predicted Cases)
      Cohort Mean: 0.55 | Lower is Better
    - CAUTI (ICU + select Wards): 0.39 Ratio (Observed/Predicted Cases)
      Cohort Mean: 0.50 | Lower is Better

Weaknesses:
  Patient Survey

  Key Measures:
    - Doctor communication: 1.00 Stars
      Cohort Mean: 2.97 | Higher is Better
    - Discharge information: 1.00 Stars
      Cohort Mean: 3.10 | Higher is Better","Context:
  Healthcare-Associated Infections
    - CLABSI (ICU + select Wards): 2692.0 Device Days
    - CLABSI (ICU + select Wards): 0.0 Cases","Rewrite the hospital information for healthcare professionals. Use appropriate clinical terminology, retain measure-specific detail, and report quantitative comparisons precisely. Do not infer causation or statistical significance. Use contextual measures only as supporting information, not as indicators of performance. Use only the evidence provided.

Performance Evidence:
Facility: VICTOR VALLEY GLOBAL MEDICAL CENTER

Strengths:
  Healthcare-Associated Infections
  Overall: No Different than National Benchmark
  Relative Performance: 0.66 SD from cohort

  Key Measures:
    - CLABSI (ICU + select Wards): 0.00 Ratio (Observed/Predicted Cases)
      Cohort Mean: 0.55 | Lower is Better
    - CAUTI (ICU + select Wards): 0.39 Ratio (Observed/Predicted Cases)
      Cohort Mean: 0.50 | Lower is Better

Weaknesses:
  Patient Survey

  Key Measures:
    - Doctor communication: 1.00 Stars
      Cohort Mean: 2.97 | Higher is Better
    - Discharge information: 1.00 Stars
      Cohort Mean: 3.10 | Higher is Better

Supporting Context:
Context:
  Healthcare-Associated Infections
    - CLABSI (ICU + select Wards): 2692.0 Device Days
    - CLABSI (ICU + select Wards): 0.0 Cases

Narrative:",Testing
050517,VICTOR VALLEY GLOBAL MEDICAL CENTER,Community Report,1,"Facility: VICTOR VALLEY GLOBAL MEDICAL CENTER

Strengths:
  Healthcare-Associated Infections
  Overall: No Different than National Benchmark
  Relative Performance: -0.33 SD from cohort

  Key Measures:
    - CLABSI (ICU + select Wards): 0.00 Ratio (Observed/Predicted Cases)
      Cohort Mean: 0.55 | Lower is Better
    - CAUTI (ICU + select Wards): 0.39 Ratio (Observed/Predicted Cases)
      Cohort Mean: 0.50 | Lower is Better

Weaknesses:
  Patient Survey

  Key Measures:
    - Doctor communication: 1.00 Stars
      Cohort Mean: 2.97 | Higher is Better
    - Discharge information: 1.00 Stars
      Cohort Mean: 3.10 | Higher is Better",,"Rewrite the hospital information for a public community report. Use accessible, neutral language and explain the main strengths and weaknesses without technical detail. Preserve all important numerical facts. Use contextual measures only as supporting information, not as indicators of performance. Use only the evidence provided.

Performance Evidence:
Facility: VICTOR VALLEY GLOBAL MEDICAL CENTER

Strengths:
  Healthcare-Associated Infections
  Overall: No Different than National Benchmark
  Relative Performance: -0.33 SD from cohort

  Key Measures:
    - CLABSI (ICU + select Wards): 0.00 Ratio (Observed/Predicted Cases)
      Cohort Mean: 0.55 | Lower is Better
    - CAUTI (ICU + select Wards): 0.39 Ratio (Observed/Predicted Cases)
      Cohort Mean: 0.50 | Lower is Better

Weaknesses:
  Patient Survey

  Key Measures:
    - Doctor communication: 1.00 Stars
      Cohort Mean: 2.97 | Higher is Better
    - Discharge information: 1.00 Stars
      Cohort Mean: 3.10 | Higher is Better

Narrative:",Testing
080004,"BAYHEALTH MEDICAL CENTER, KENT CAMPUS",Patient Friendly,1,"Facility: BAYHEALTH MEDICAL CENTER, KENT CAMPUS

Strengths:
  Healthcare-Associated Infections
  Overall: No Different than National Benchmark
  Relative Performance: 0.21 SD from cohort

  Key Measures:
    - MRSA Bacteremia: 0.20 Ratio (Observed/Predicted Cases)
      Cohort Mean: 0.69 | Lower is Better
    - Clostridium Difficile: 0.25 Ratio (Observed/Predicted Cases)
      Cohort Mean: 0.34 | Lower is Better

Weaknesses:
  Timely and Effective Care

  Key Measures:
    - Severe Sepsis 3-Hour Bundle: 61.00 Percent
      Cohort Mean: 79.54 | Higher is Better
    - Severe Sepsis and Septic Shock Care: 35.00 Percent
      Cohort Mean: 62.75 | Higher is Better",,"Rewrite the hospital information for a patient with no healthcare background. Use plain everyday language, short sentences, and explain unfamiliar terms simply. Preserve all numbers, comparisons, and performance meaning. Use contextual measures only as supporting information, not as indicators of performance. Use only the evidence provided.

Performance Evidence:
Facility: BAYHEALTH MEDICAL CENTER, KENT CAMPUS

Strengths:
  Healthcare-Associated Infections
  Overall: No Different than National Benchmark
  Relative Performance: 0.21 SD from cohort

  Key Measures:
    - MRSA Bacteremia: 0.20 Ratio (Observed/Predicted Cases)
      Cohort Mean: 0.69 | Lower is Better
    - Clostridium Difficile: 0.25 Ratio (Observed/Predicted Cases)
      Cohort Mean: 0.34 | Lower is Better

Weaknesses:
  Timely and Effective Care

  Key Measures:
    - Severe Sepsis 3-Hour Bundle: 61.00 Percent
      Cohort Mean: 79.54 | Higher is Better
    - Severe Sepsis and Septic Shock Care: 35.00 Percent
      Cohort Mean: 62.75 | Higher is Better

Narrative:",Testing
080004,"BAYHEALTH MEDICAL CENTER, KENT CAMPUS",Executive Summary,1,"Facility: BAYHEALTH MEDICAL CENTER, KENT CAMPUS

Strengths:
  Healthcare-Associated Infections
  Overall: No Different than National Benchmark
  Relative Performance: 0.21 SD from cohort

  Key Measures:
    - MRSA Bacteremia: 0.20 Ratio (Observed/Predicted Cases)
      Cohort Mean: 0.69 | Lower is Better
    - Clostridium Difficile: 0.25 Ratio (Observed/Predicted Cases)
      Cohort Mean: 0.34 | Lower is Better

Weaknesses:
  Timely and Effective Care

  Key Measures:
    - Severe Sepsis 3-Hour Bundle: 61.00 Percent
      Cohort Mean: 79.54 | Higher is Better
    - Severe Sepsis and Septic Shock Care: 35.00 Percent
      Cohort Mean: 62.75 | Higher is Better",,"Rewrite the hospital information as a concise executive briefing for hospital leadership. Prioritize the strongest domain, major risks, and the most important benchmark comparisons. Preserve all quantitative evidence. Use contextual measures only as supporting information, not as indicators of performance. Use only the evidence provided.

Performance Evidence:
Facility: BAYHEALTH MEDICAL CENTER, KENT CAMPUS

Strengths:
  Healthcare-Associated Infections
  Overall: No Different than National Benchmark
  Relative Performance: 0.21 SD from cohort

  Key Measures:
    - MRSA Bacteremia: 0.20 Ratio (Observed/Predicted Cases)
      Cohort Mean: 0.69 | Lower is Better
    - Clostridium Difficile: 0.25 Ratio (Observed/Predicted Cases)
      Cohort Mean: 0.34 | Lower is Better

Weaknesses:
  Timely and Effective Care

  Key Measures:
    - Severe Sepsis 3-Hour Bundle: 61.00 Percent
      Cohort Mean: 79.54 | Higher is Better
    - Severe Sepsis and Septic Shock Care: 35.00 Percent
      Cohort Mean: 62.75 | Higher is Better

Narrative:",Testing
080004,"BAYHEALTH MEDICAL CENTER, KENT CAMPUS",Clinical,1,"Facility: BAYHEALTH MEDICAL CENTER, KENT CAMPUS

Strengths:
  Healthcare-Associated Infections
  Overall: No Different than National Benchmark
  Relative Performance: -0.27 SD from cohort

  Key Measures:
    - CLABSI (ICU + select Wards): 0.63 Ratio (Observed/Predicted Cases)
      Cohort Mean: 0.55 | Lower is Better
    - CAUTI (ICU + select Wards): 0.68 Ratio (Observed/Predicted Cases)
      Cohort Mean: 0.50 | Lower is Better

Weaknesses:
  Timely and Effective Care

  Key Measures:
    - Severe Sepsis 3-Hour Bundle: 61.00 Percent
      Cohort Mean: 79.54 | Higher is Better
    - Severe Sepsis and Septic Shock Care: 35.00 Percent
      Cohort Mean: 62.75 | Higher is Better","Context:
  Healthcare-Associated Infections
    - CLABSI (ICU + select Wards): 5932.0 Device Days
    - CLABSI (ICU + select Wards): 4.0 Cases","Rewrite the hospital information for healthcare professionals. Use appropriate clinical terminology, retain measure-specific detail, and report quantitative comparisons precisely. Do not infer causation or statistical significance. Use contextual measures only as supporting information, not as indicators of performance. Use only the evidence provided.

Performance Evidence:
Facility: BAYHEALTH MEDICAL CENTER, KENT CAMPUS

Strengths:
  Healthcare-Associated Infections
  Overall: No Different than National Benchmark
  Relative Performance: -0.27 SD from cohort

  Key Measures:
    - CLABSI (ICU + select Wards): 0.63 Ratio (Observed/Predicted Cases)
      Cohort Mean: 0.55 | Lower is Better
    - CAUTI (ICU + select Wards): 0.68 Ratio (Observed/Predicted Cases)
      Cohort Mean: 0.50 | Lower is Better

Weaknesses:
  Timely and Effective Care

  Key Measures:
    - Severe Sepsis 3-Hour Bundle: 61.00 Percent
      Cohort Mean: 79.54 | Higher is Better
    - Severe Sepsis and Septic Shock Care: 35.00 Percent
      Cohort Mean: 62.75 | Higher is Better

Supporting Context:
Context:
  Healthcare-Associated Infections
    - CLABSI (ICU + select Wards): 5932.0 Device Days
    - CLABSI (ICU + select Wards): 4.0 Cases

Narrative:",Testing
080004,"BAYHEALTH MEDICAL CENTER, KENT CAMPUS",Community Report,1,"Facility: BAYHEALTH MEDICAL CENTER, KENT CAMPUS

Strengths:
  Healthcare-Associated Infections
  Overall: No Different than National Benchmark
  Relative Performance: 0.21 SD from cohort

  Key Measures:
    - MRSA Bacteremia: 0.20 Ratio (Observed/Predicted Cases)
      Cohort Mean: 0.69 | Lower is Better
    - Clostridium Difficile: 0.25 Ratio (Observed/Predicted Cases)
      Cohort Mean: 0.34 | Lower is Better

Weaknesses:
  Timely and Effective Care

  Key Measures:
    - Severe Sepsis 3-Hour Bundle: 61.00 Percent
      Cohort Mean: 79.54 | Higher is Better
    - Severe Sepsis and Septic Shock Care: 35.00 Percent
      Cohort Mean: 62.75 | Higher is Better",,"Rewrite the hospital information for a public community report. Use accessible, neutral language and explain the main strengths and weaknesses without technical detail. Preserve all important numerical facts. Use contextual measures only as supporting information, not as indicators of performance. Use only the evidence provided.

Performance Evidence:
Facility: BAYHEALTH MEDICAL CENTER, KENT CAMPUS

Strengths:
  Healthcare-Associated Infections
  Overall: No Different than National Benchmark
  Relative Performance: 0.21 SD from cohort

  Key Measures:
    - MRSA Bacteremia: 0.20 Ratio (Observed/Predicted Cases)
      Cohort Mean: 0.69 | Lower is Better
    - Clostridium Difficile: 0.25 Ratio (Observed/Predicted Cases)
      Cohort Mean: 0.34 | Lower is Better

Weaknesses:
  Timely and Effective Care

  Key Measures:
    - Severe Sepsis 3-Hour Bundle: 61.00 Percent
      Cohort Mean: 79.54 | Higher is Better
    - Severe Sepsis and Septic Shock Care: 35.00 Percent
      Cohort Mean: 62.75 | Higher is Better

Narrative:",Testing
